customer_id,name,email,created_at
1,Dana Williams,valenciahenry@example.net,2024-06-16
2,Roger Young,butlerjerry@example.com,2024-10-29
3,Ruben Perez MD,ejohnson@example.org,2023-08-13
4,Emily Simon,aatkinson@example.net,2023-01-02
5,Michael Chang,kellychad@example.net,2024-04-02
6,Richard Moss,ushannon@example.net,2025-03-23
7,Anthony Davis,lynnmichael@example.com,2024-06-08
8,Samantha Benjamin,dustingray@example.com,2024-06-09
9,Emily Hernandez,alanhall@example.com,2024-11-08
10,John Woodard MD,michael82@example.com,2024-07-28
11,Jennifer Rodriguez,robin21@example.com,2022-12-23
12,Kenneth Holland,george62@example.org,2023-04-25
13,David Gray,jason23@example.com,2024-09-16
14,Dr. Stephanie Cannon,pcraig@example.org,2024-01-05
15,Lee Wilson,danielle30@example.net,2025-07-17
16,Tonya Bell,medinachristine@example.org,2023-01-16
17,David Clark,bhouse@example.com,2025-02-19
18,Chelsea White,ortizderek@example.org,2023-11-03
19,Harry Bruce,phall@example.com,2023-07-04
20,Michael Williams,kimberlypatterson@example.com,2025-08-22
21,Jeremy Gill,craiggonzalez@example.net,2024-07-15
22,Rebecca Evans,alexandria34@example.com,2023-12-30
23,Wendy Cook,brittany08@example.org,2023-06-04
24,Mark Holloway,orivera@example.com,2023-01-31
25,Mariah Parker,hle@example.com,2023-08-03
26,Timothy Wyatt,tammy31@example.net,2024-03-23
27,Beverly Torres,valenzuelajean@example.org,2024-05-21
28,Edwin Fisher,xduncan@example.org,2023-11-30
29,Tanya Ross,lindaallen@example.org,2023-01-30
30,Jennifer King,rosstroy@example.org,2025-04-03
31,Angela Blair,scottmarcus@example.org,2023-05-12
32,Jacob Benton,jordan57@example.com,2023-01-04
33,Brandon Hamilton,tracyadams@example.net,2022-12-22
34,Brent Kemp,christophergill@example.com,2023-02-04
35,Robert Alexander,johnspencer@example.com,2025-08-29
36,Cindy Rodriguez,fordjeffery@example.org,2024-03-21
37,Gregory Johnston,samanthawalker@example.net,2025-02-07
38,Andrew Martin,ericwilson@example.com,2023-10-29
39,Taylor Ramirez,amy11@example.com,2024-07-28
40,Amber Anderson,singhrobert@example.net,2024-10-05
41,Christopher Garcia,keithturner@example.com,2025-08-14
42,Regina Thomas,ncurry@example.net,2024-01-17
43,Susan Morrison,jessica14@example.com,2024-10-29
44,Hailey Simpson MD,bgriffin@example.com,2024-05-17
45,Debra Schroeder,laurieclark@example.com,2025-04-07
46,Alexander Dickerson,mariagreen@example.net,2023-10-27
47,Glenn Holmes,debrafoster@example.com,2025-09-15
48,Michelle Fleming,walterharris@example.org,2024-08-03
49,Joseph Anderson,oross@example.com,2025-02-27
50,Ralph Pennington,kerrihahn@example.org,2025-11-03
51,Edwin Lindsey,nicole50@example.com,2022-12-10
52,Emily Mays,angelazimmerman@example.com,2025-02-11
53,Frank Montgomery,kevinreed@example.com,2023-09-24
54,Brett Hayes,venglish@example.com,2023-02-17
55,Heidi Smith,ugilmore@example.com,2024-10-09
56,Shawn Wilson,brandonsanchez@example.com,2023-06-02
57,Kelly Wilson,jenniferponce@example.com,2025-05-22
58,Jennifer Tran MD,donald25@example.com,2023-06-01
59,Jeffrey Garcia,kristenalvarez@example.com,2023-04-18
60,Jacqueline Lopez,jacksongina@example.net,2025-01-14
61,Henry Hogan,johnortiz@example.net,2022-12-14
62,Kristy Richmond,bowersstacey@example.com,2025-10-11
63,Sara Davis,gharris@example.org,2025-05-24
64,Austin Sullivan,meganritter@example.com,2024-01-24
65,Dylan Walker,edward17@example.com,2025-05-21
66,Andrea Carr,nataliecraig@example.org,2023-12-31
67,Jeffrey Anderson,henrymelissa@example.com,2024-05-02
68,Nicholas Burgess,allenkenneth@example.com,2024-05-23
69,Ronnie Welch,turnermichelle@example.com,2025-06-28
70,Elizabeth Arnold,umoore@example.com,2023-12-14
71,Robin White,johnsonelizabeth@example.com,2024-07-23
72,Cody Davis,elizabeth77@example.net,2023-03-12
73,Michael Serrano,crystal77@example.com,2025-04-11
74,Matthew Gilbert,laurenkelly@example.com,2025-07-11
75,Dana Dyer,walkerbruce@example.net,2023-12-03
76,Hailey Allen,lee45@example.net,2023-12-13
77,Barbara Berry,melissaoneal@example.org,2025-03-04
78,Richard Smith,joseph57@example.com,2024-04-12
79,Frank Castillo,smarshall@example.com,2025-06-02
80,Cynthia Malone,weaverjason@example.org,2023-07-31
81,Jordan Tucker,cordovamelissa@example.org,2023-01-09
82,Samantha Kennedy,batessean@example.org,2025-01-22
83,Alexis Everett,grichards@example.com,2023-06-02
84,Brandy Bishop,cruzterri@example.net,2024-06-15
85,Paige Saunders,reederica@example.com,2023-01-26
86,Scott Jones,lbriggs@example.net,2024-11-22
87,Robert Vazquez,patricia40@example.org,2023-06-11
88,Sandra Gutierrez,daniel33@example.org,2023-05-01
89,Brett Mitchell,aramirez@example.com,2024-01-25
90,Lisa Shepherd,holmesjustin@example.net,2024-12-24
91,Jose Frazier,greghale@example.net,2024-01-13
92,James Hill,jasminewright@example.com,2023-10-03
93,Hannah Graham,cpeters@example.com,2025-04-30
94,Susan Bush,parkeranne@example.net,2023-06-12
95,William Johnson,denise27@example.com,2024-02-19
96,Robert White,rebeccapatel@example.com,2024-08-09
97,Michele Swanson,jessica44@example.net,2025-06-12
98,Angela Bradley,jonathan96@example.org,2024-09-30
99,Johnny Hernandez,bartonchristian@example.net,2023-10-29
100,Mrs. Tracy Cook,davidweaver@example.com,2024-01-06
101,Christopher Wilson,johnsonmatthew@example.com,2023-04-11
102,Kelly Hester,mcbrideshannon@example.net,2024-02-13
103,Sean Perry,natalie17@example.org,2024-10-25
104,Stephen Kelley,vgallagher@example.net,2025-03-01
105,James Davidson,johnstonnicholas@example.com,2023-12-18
106,Abigail Davis,yhendrix@example.com,2024-10-10
107,Allen Lang,bjordan@example.net,2023-02-20
108,Henry Campbell,wacevedo@example.net,2023-07-27
109,Rodney Anderson,garciarussell@example.net,2024-01-08
110,Holly Mathis,andersonaustin@example.org,2024-08-27
111,Mary Banks,jacobstanley@example.net,2023-06-15
112,Joseph Wilson,amanda53@example.com,2023-10-21
113,Lori Hanson,lisadouglas@example.org,2025-02-03
114,Rachel Wilson,sherriperkins@example.com,2025-09-18
115,Amy James,kelseybush@example.com,2024-10-27
116,Katherine Navarro MD,michele39@example.com,2025-05-11
117,Carlos Torres,kjohnson@example.org,2025-06-24
118,Matthew Rodriguez,ksanchez@example.com,2025-04-30
119,Shawn Grimes,marcus23@example.org,2023-09-25
120,Mr. Tyler Norton,lloydmonica@example.com,2025-03-23
121,Crystal Escobar,qwalker@example.net,2024-02-18
122,Susan Nelson,castillodawn@example.com,2023-06-07
123,Ryan Johnson,alexandra88@example.org,2024-09-13
124,David Johnson,robertwebb@example.net,2025-08-14
125,Emily Peterson,misty86@example.com,2023-03-23
126,Patricia Pugh,craigjohnson@example.org,2024-02-06
127,Robert Smith,scottwhite@example.org,2023-03-16
128,Emily Gordon,urandolph@example.com,2025-05-29
129,Kathy Ellison,james50@example.org,2025-02-09
130,Kristie Mcmillan,kristina16@example.org,2025-05-14
131,Dr. Craig Macdonald,jennifer99@example.com,2024-02-15
132,Douglas Hester,dyerryan@example.net,2023-09-20
133,Brittany Preston,egilbert@example.com,2025-07-30
134,Katrina Perkins,katie43@example.net,2023-02-12
135,Jon Freeman,jim08@example.net,2024-01-26
136,Teresa Baker,amoore@example.com,2025-04-05
137,Christopher Alexander,msanchez@example.org,2025-05-29
138,Jessica Miller,sheilabrown@example.com,2023-04-15
139,Jamie Steele,moorejackson@example.net,2025-03-04
140,Mark Martinez,juliemyers@example.net,2023-04-21
141,Nathaniel Pierce,kinggeorge@example.com,2023-10-07
142,Melinda Jones,thomasdaniel@example.net,2024-09-25
143,Darren Leon,matthew89@example.com,2024-08-09
144,Marilyn Walker,lisanoble@example.com,2025-10-16
145,Kimberly Wallace,ayersalicia@example.org,2025-01-11
146,Jerry Moore,megansmith@example.org,2024-03-03
147,Brandi Hubbard,ugallegos@example.org,2025-07-16
148,Randy Taylor,whitedavid@example.org,2025-05-03
149,Joan Dickerson,rebeccabarton@example.org,2024-12-09
150,Jill Reese,floydallison@example.org,2025-03-11
151,Megan Simpson,devon28@example.net,2024-11-30
152,Jennifer Williams,omeadows@example.com,2024-02-05
153,Erica Hood,bryantmelvin@example.org,2024-02-21
154,Elizabeth Griffin,juliajackson@example.com,2025-01-13
155,Michael Baxter,davidsilva@example.com,2025-05-13
156,Mackenzie Alvarado,ballardrobert@example.com,2025-09-22
157,Elizabeth Owens,carriehoward@example.net,2024-10-12
158,Jacqueline Barker,gprice@example.org,2022-12-31
159,Abigail Stevens,heatherquinn@example.net,2025-03-09
160,Zachary Mclaughlin,boonejamie@example.com,2023-10-17
161,Matthew Baldwin,dconner@example.com,2022-12-22
162,Kevin Clark,curtis32@example.com,2023-07-07
163,Lindsay Crawford,antoniocoleman@example.com,2025-10-29
164,Jodi Barker,alexandersimmons@example.com,2023-04-15
165,Charles Olsen,jeremywatkins@example.com,2024-11-01
166,Kristy Smith,stevensbrandon@example.org,2024-01-11
167,Monica Jones,tgraham@example.net,2023-05-19
168,Karen Christensen,vazquezjeremy@example.org,2025-01-12
169,Stephanie Bonilla PhD,sgray@example.org,2025-06-02
170,Howard Munoz,smithdaniel@example.net,2023-02-21
171,Linda Rosales,harrischeryl@example.com,2023-03-21
172,Sarah Ho,ichase@example.org,2025-06-04
173,Cynthia Berger,hvasquez@example.org,2024-03-27
174,Hannah Newman,mark56@example.com,2024-11-07
175,Paul Howard,handerson@example.org,2023-12-14
176,Perry Thompson,amanda32@example.com,2023-10-18
177,Paul Wallace,christophermunoz@example.net,2024-04-21
178,Corey Wilson,christinacruz@example.com,2025-02-06
179,Nancy Wilson,elizabeth54@example.com,2023-01-04
180,Michelle Davis,morganjared@example.com,2023-07-03
181,Christopher Adkins,ycole@example.com,2025-09-21
182,Raymond Taylor,williemorris@example.com,2023-12-22
183,Robert Roberts,tracy18@example.com,2023-03-06
184,Austin Ortiz,haileybrown@example.com,2024-06-25
185,Eric Woods,janet14@example.com,2023-05-25
186,Mark Leonard,thomas23@example.net,2023-07-17
187,Robert Davis,jonathan74@example.org,2023-05-20
188,Phyllis Floyd,tsimmons@example.com,2024-11-30
189,Kyle Berry,andrewshah@example.net,2024-11-08
190,Patrick Palmer,joshua72@example.com,2024-11-17
191,Zachary Johnson,dawnharris@example.net,2023-04-23
192,Melissa Obrien,sherry24@example.net,2024-04-05
193,Anthony Bean,mgilmore@example.org,2024-06-16
194,Jennifer Flowers,jennifer21@example.com,2023-01-06
195,Deborah Maldonado,imarsh@example.net,2024-10-10
196,Omar Lawson,butlersherry@example.org,2024-12-08
197,Meagan Thompson,jessica71@example.com,2023-01-09
198,Rebecca Kaufman,amandarivers@example.org,2024-01-06
199,Eric Buchanan,timothy26@example.org,2024-08-19
200,Alejandra Fitzgerald,ellisonhoward@example.org,2023-07-07
