order_item_id,order_id,product_id,quantity,unit_price
1,1,263,3,298.41
2,1,286,4,51.14
3,1,299,1,319.72
4,1,189,2,260.69
5,2,21,1,394.05
6,2,171,2,454.2
7,2,158,4,125.25
8,2,74,3,281.62
9,2,89,4,164.26
10,3,271,1,197.61
11,3,40,3,144.53
12,4,133,1,457.25
13,4,141,1,327.95
14,4,253,4,411.34
15,4,129,1,206.29
16,4,25,4,348.84
17,5,164,4,317.64
18,5,244,2,79.68
19,5,132,2,292.02
20,6,130,2,281.38
21,6,247,4,160.17
22,7,53,3,489.16
23,8,71,4,269.79
24,8,273,4,142.34
25,9,294,4,67.28
26,10,103,4,140.03
27,11,36,3,434.74
28,11,231,3,31.84
29,11,122,4,216.57
30,11,96,3,308.98
31,12,184,2,41.14
32,12,130,3,281.38
33,12,137,4,139.2
34,12,27,4,228.07
35,12,292,4,488.18
36,13,180,4,177.93
37,13,185,2,68.68
38,13,278,2,264.93
39,13,159,3,443.16
40,14,212,2,462.33
41,14,55,2,364.61
42,15,272,3,496.62
43,16,23,3,425.4
44,17,30,1,219.39
45,17,3,2,267.35
46,17,127,3,122.14
47,17,40,4,144.53
48,17,39,1,182.23
49,18,216,3,466.65
50,18,172,1,116.94
51,19,48,1,340.83
52,20,68,2,165.18
53,21,249,4,295.5
54,21,141,4,327.95
55,21,55,3,364.61
56,21,227,1,127.2
57,21,34,3,160.9
58,22,200,3,258.95
59,22,12,2,188.73
60,22,259,4,281.8
61,22,156,3,466.38
62,23,105,4,146.3
63,24,14,1,153.13
64,24,213,1,375.44
65,24,108,1,276.99
66,24,229,4,127.79
67,24,281,3,187.2
68,25,290,2,59.43
69,26,89,1,164.26
70,26,235,1,236.29
71,27,273,1,142.34
72,28,225,3,258.06
73,28,121,1,173.91
74,28,280,3,254.0
75,29,31,4,293.94
76,29,147,3,202.54
77,29,134,1,351.06
78,29,218,4,34.5
79,30,8,2,97.95
80,31,118,2,127.24
81,31,291,3,337.77
82,31,77,3,277.6
83,31,217,1,408.7
84,31,41,3,111.52
85,32,241,3,491.7
86,33,51,3,87.61
87,33,264,2,251.73
88,34,161,1,172.6
89,34,171,3,454.2
90,34,107,1,230.58
91,34,284,1,434.92
92,34,177,2,170.45
93,35,132,3,292.02
94,35,155,2,154.38
95,35,168,1,243.76
96,35,10,1,424.11
97,36,236,3,421.51
98,36,128,4,468.1
99,37,98,1,188.55
100,37,27,3,228.07
101,37,259,1,281.8
102,37,138,1,234.17
103,37,216,4,466.65
104,38,215,2,67.79
105,39,195,2,105.48
106,39,133,1,457.25
107,39,3,3,267.35
108,40,195,4,105.48
109,40,235,3,236.29
110,40,222,2,337.53
111,41,217,3,408.7
112,42,253,2,411.34
113,42,260,3,307.22
114,42,88,2,47.15
115,43,71,1,269.79
116,43,73,3,104.17
117,43,244,2,79.68
118,43,17,2,270.98
119,44,14,4,153.13
120,44,26,1,319.64
121,44,219,3,39.13
122,44,182,3,171.68
123,44,120,1,400.58
124,45,172,1,116.94
125,45,48,4,340.83
126,45,227,2,127.2
127,46,156,1,466.38
128,46,253,4,411.34
129,47,30,4,219.39
130,47,246,4,247.81
131,47,57,4,192.44
132,48,16,2,223.26
133,48,148,2,128.77
134,48,272,2,496.62
135,48,102,1,123.88
136,48,184,1,41.14
137,49,41,4,111.52
138,49,90,3,310.39
139,49,243,1,122.96
140,49,228,4,119.79
141,49,24,3,12.45
142,50,299,2,319.72
143,50,48,4,340.83
144,50,140,3,13.9
145,51,43,2,380.87
146,51,162,4,496.16
147,51,117,3,451.52
148,51,85,3,360.53
149,51,147,1,202.54
150,52,140,4,13.9
151,53,244,3,79.68
152,54,222,1,337.53
153,54,207,4,286.96
154,54,250,2,125.82
155,54,4,2,388.11
156,55,92,1,147.81
157,55,181,4,223.62
158,55,248,2,498.98
159,55,275,4,199.79
160,55,133,1,457.25
161,56,124,3,393.84
162,56,249,2,295.5
163,57,217,4,408.7
164,57,20,2,266.77
165,58,46,3,298.6
166,58,154,3,214.36
167,58,84,4,91.65
168,58,283,2,430.36
169,59,271,4,197.61
170,59,24,3,12.45
171,59,211,1,381.57
172,59,300,2,469.13
173,59,145,2,354.38
174,60,256,2,265.57
175,60,167,1,233.32
176,60,272,4,496.62
177,60,213,4,375.44
178,60,193,3,301.2
179,61,187,4,442.69
180,61,177,3,170.45
181,61,300,2,469.13
182,62,169,4,320.54
183,62,139,1,310.45
184,63,157,1,122.4
185,63,19,3,445.96
186,63,184,4,41.14
187,64,57,3,192.44
188,64,221,2,434.95
189,64,170,1,319.91
190,64,258,1,352.75
191,64,33,3,230.94
192,65,215,2,67.79
193,65,28,4,166.38
194,65,11,1,337.55
195,66,223,3,410.85
196,66,273,1,142.34
197,67,22,3,7.76
198,67,208,1,294.38
199,68,41,4,111.52
200,68,14,2,153.13
201,68,101,4,68.3
202,69,208,3,294.38
203,69,192,2,53.7
204,69,199,2,237.93
205,69,68,4,165.18
206,69,231,4,31.84
207,70,239,2,430.22
208,70,256,1,265.57
209,71,70,4,256.04
210,71,130,4,281.38
211,71,155,1,154.38
212,71,207,1,286.96
213,72,179,2,28.96
214,72,6,4,209.7
215,72,15,3,301.89
216,72,73,1,104.17
217,72,165,3,136.21
218,73,262,4,306.06
219,73,211,3,381.57
220,73,130,2,281.38
221,73,203,1,408.97
222,74,1,3,240.09
223,74,89,1,164.26
224,74,156,2,466.38
225,74,61,1,172.36
226,74,50,2,104.35
227,75,19,1,445.96
228,75,198,4,80.32
229,75,137,4,139.2
230,75,264,4,251.73
231,75,216,3,466.65
232,76,291,1,337.77
233,76,3,2,267.35
234,76,34,2,160.9
235,76,25,1,348.84
236,76,59,1,114.22
237,77,135,1,438.07
238,77,100,4,38.1
239,78,181,3,223.62
240,78,211,1,381.57
241,79,279,2,412.61
242,79,76,4,32.13
243,79,170,4,319.91
244,79,108,2,276.99
245,80,6,1,209.7
246,80,11,3,337.55
247,80,225,3,258.06
248,80,274,1,474.52
249,81,113,2,65.48
250,81,93,1,310.56
251,81,18,3,202.89
252,81,146,3,204.96
253,81,60,4,329.58
254,82,269,3,213.28
255,83,117,1,451.52
256,83,228,4,119.79
257,83,208,1,294.38
258,84,236,1,421.51
259,84,89,3,164.26
260,84,292,4,488.18
261,84,149,3,43.18
262,84,91,2,103.25
263,85,244,3,79.68
264,86,114,2,375.54
265,86,289,2,38.41
266,86,247,4,160.17
267,87,69,4,51.48
268,87,252,4,430.51
269,88,232,1,150.58
270,88,292,4,488.18
271,89,186,3,56.19
272,89,160,1,310.96
273,89,64,1,258.82
274,89,61,3,172.36
275,89,211,1,381.57
276,90,47,2,348.76
277,90,236,2,421.51
278,90,297,1,242.14
279,91,154,3,214.36
280,91,234,2,220.09
281,91,41,3,111.52
282,92,281,1,187.2
283,92,61,3,172.36
284,92,43,3,380.87
285,92,105,3,146.3
286,92,89,1,164.26
287,93,116,3,198.65
288,94,138,1,234.17
289,94,168,1,243.76
290,94,167,2,233.32
291,94,125,4,16.23
292,95,62,1,494.19
293,95,225,1,258.06
294,96,127,3,122.14
295,96,184,4,41.14
296,96,254,3,228.59
297,96,263,2,298.41
298,96,114,3,375.54
299,97,131,1,235.44
300,97,289,2,38.41
301,97,84,4,91.65
302,98,149,2,43.18
303,98,279,2,412.61
304,98,35,3,427.4
305,98,239,3,430.22
306,98,226,4,162.66
307,99,204,1,82.41
308,99,169,3,320.54
309,99,118,2,127.24
310,99,198,4,80.32
311,99,21,1,394.05
312,100,158,3,125.25
313,100,259,1,281.8
314,100,65,2,91.69
315,101,240,2,10.58
316,101,273,1,142.34
317,101,118,4,127.24
318,101,73,2,104.17
319,102,187,3,442.69
320,102,106,3,310.25
321,102,72,4,145.83
322,102,283,3,430.36
323,102,290,3,59.43
324,103,139,3,310.45
325,103,92,1,147.81
326,103,68,1,165.18
327,103,15,3,301.89
328,104,260,4,307.22
329,104,186,2,56.19
330,104,152,2,400.9
331,105,92,1,147.81
332,105,6,1,209.7
333,105,223,4,410.85
334,105,79,3,74.86
335,106,295,4,48.55
336,106,8,4,97.95
337,106,131,2,235.44
338,107,175,3,254.87
339,107,4,1,388.11
340,108,263,3,298.41
341,109,158,3,125.25
342,109,237,1,269.08
343,110,174,1,6.05
344,110,246,4,247.81
345,110,242,4,403.48
346,110,88,3,47.15
347,110,176,3,409.65
348,111,76,3,32.13
349,111,14,1,153.13
350,111,268,4,112.28
351,112,298,1,332.33
352,112,246,4,247.81
353,113,222,3,337.53
354,113,178,4,386.42
355,113,2,1,313.93
356,114,20,2,266.77
357,114,267,3,185.94
358,114,151,4,186.9
359,114,78,4,26.1
360,114,148,4,128.77
361,115,134,3,351.06
362,115,20,3,266.77
363,115,2,4,313.93
364,116,79,4,74.86
365,116,141,2,327.95
366,116,196,2,46.7
367,116,172,2,116.94
368,117,170,3,319.91
369,117,190,2,7.24
370,117,128,1,468.1
371,117,80,1,328.91
372,117,36,2,434.74
373,118,66,1,419.38
374,118,93,1,310.56
375,118,132,1,292.02
376,118,176,1,409.65
377,119,149,3,43.18
378,120,299,1,319.72
379,121,108,1,276.99
380,121,263,4,298.41
381,121,261,1,58.92
382,121,58,2,186.07
383,121,166,4,215.51
384,122,23,2,425.4
385,122,242,3,403.48
386,122,132,4,292.02
387,122,105,1,146.3
388,123,188,2,297.53
389,123,163,1,188.8
390,123,187,2,442.69
391,124,108,3,276.99
392,125,109,2,153.75
393,125,96,4,308.98
394,125,79,2,74.86
395,125,98,4,188.55
396,125,130,3,281.38
397,126,175,4,254.87
398,126,86,2,283.31
399,126,176,2,409.65
400,126,21,1,394.05
401,126,186,1,56.19
402,127,24,4,12.45
403,127,206,1,343.28
404,127,190,1,7.24
405,128,133,2,457.25
406,128,166,4,215.51
407,128,243,1,122.96
408,128,86,4,283.31
409,129,133,1,457.25
410,129,95,2,443.58
411,130,65,3,91.69
412,130,163,1,188.8
413,130,118,3,127.24
414,130,128,3,468.1
415,130,113,2,65.48
416,131,83,3,67.51
417,131,1,3,240.09
418,131,284,2,434.92
419,131,232,2,150.58
420,132,1,4,240.09
421,133,113,4,65.48
422,133,160,1,310.96
423,133,69,4,51.48
424,133,126,3,475.16
425,134,47,2,348.76
426,134,240,4,10.58
427,134,282,3,10.01
428,135,144,3,266.2
429,135,276,2,210.77
430,135,178,2,386.42
431,135,43,1,380.87
432,135,295,1,48.55
433,136,52,1,55.35
434,136,255,1,328.32
435,136,262,1,306.06
436,136,201,3,208.2
437,136,185,4,68.68
438,137,90,1,310.39
439,138,110,1,121.76
440,138,172,4,116.94
441,139,243,4,122.96
442,139,174,4,6.05
443,139,225,2,258.06
444,139,25,3,348.84
445,140,290,4,59.43
446,141,116,4,198.65
447,141,281,4,187.2
448,141,91,3,103.25
449,142,163,2,188.8
450,142,50,4,104.35
451,143,127,1,122.14
452,143,215,3,67.79
453,143,128,4,468.1
454,144,298,1,332.33
455,145,169,4,320.54
456,145,238,4,441.1
457,145,187,1,442.69
458,145,108,4,276.99
459,145,131,3,235.44
460,146,237,4,269.08
461,146,69,2,51.48
462,146,243,1,122.96
463,146,85,1,360.53
464,147,78,1,26.1
465,147,119,1,419.64
466,147,110,2,121.76
467,148,111,2,480.21
468,148,174,4,6.05
469,148,262,3,306.06
470,148,179,3,28.96
471,149,248,3,498.98
472,149,26,4,319.64
473,150,154,1,214.36
474,150,121,4,173.91
475,150,223,2,410.85
476,150,159,4,443.16
477,151,249,3,295.5
478,151,261,3,58.92
479,151,54,1,277.74
480,151,15,3,301.89
481,151,127,3,122.14
482,152,212,3,462.33
483,152,200,3,258.95
484,152,294,1,67.28
485,153,294,2,67.28
486,154,127,4,122.14
487,154,280,3,254.0
488,154,260,4,307.22
489,154,153,1,153.89
490,154,230,4,499.62
491,155,204,3,82.41
492,155,215,2,67.79
493,155,300,2,469.13
494,155,262,1,306.06
495,156,19,4,445.96
496,156,61,2,172.36
497,157,130,4,281.38
498,157,235,4,236.29
499,158,58,3,186.07
500,158,32,4,379.2
501,158,135,3,438.07
502,158,299,3,319.72
503,158,127,1,122.14
504,159,198,4,80.32
505,159,227,4,127.2
506,159,120,4,400.58
507,159,6,4,209.7
508,160,56,2,469.55
509,160,270,1,443.42
510,160,238,2,441.1
511,160,166,1,215.51
512,160,101,3,68.3
513,161,200,1,258.95
514,161,186,4,56.19
515,161,78,1,26.1
516,162,204,4,82.41
517,162,34,1,160.9
518,162,133,1,457.25
519,162,215,4,67.79
520,162,186,3,56.19
521,163,105,1,146.3
522,164,297,2,242.14
523,164,15,2,301.89
524,164,45,4,330.66
525,164,59,4,114.22
526,165,235,3,236.29
527,165,246,1,247.81
528,165,157,1,122.4
529,165,67,3,85.85
530,165,131,3,235.44
531,166,32,1,379.2
532,167,115,3,148.87
533,167,238,2,441.1
534,168,12,4,188.73
535,168,240,4,10.58
536,169,76,4,32.13
537,169,84,2,91.65
538,170,46,1,298.6
539,170,15,3,301.89
540,170,257,1,374.66
541,170,99,1,122.42
542,171,108,2,276.99
543,171,54,1,277.74
544,172,132,1,292.02
545,172,270,2,443.42
546,172,147,1,202.54
547,172,32,1,379.2
548,172,137,4,139.2
549,173,169,2,320.54
550,173,76,1,32.13
551,173,222,4,337.53
552,174,187,1,442.69
553,174,35,3,427.4
554,174,51,2,87.61
555,174,271,4,197.61
556,174,216,3,466.65
557,175,173,2,339.97
558,175,179,4,28.96
559,176,247,3,160.17
560,176,152,2,400.9
561,176,193,2,301.2
562,176,295,4,48.55
563,177,162,1,496.16
564,177,187,4,442.69
565,177,30,1,219.39
566,177,106,1,310.25
567,178,47,3,348.76
568,178,123,2,173.45
569,178,296,2,404.88
570,179,261,4,58.92
571,180,241,3,491.7
572,180,213,2,375.44
573,180,15,3,301.89
574,180,192,4,53.7
575,180,256,2,265.57
576,181,159,1,443.16
577,181,108,1,276.99
578,182,33,3,230.94
579,182,297,3,242.14
580,182,180,3,177.93
581,183,155,3,154.38
582,183,160,3,310.96
583,183,266,4,494.04
584,183,199,1,237.93
585,183,129,2,206.29
586,184,118,3,127.24
587,184,214,1,309.86
588,184,285,3,288.66
589,184,220,4,38.27
590,185,113,3,65.48
591,185,260,1,307.22
592,186,10,3,424.11
593,187,265,2,469.13
594,187,34,3,160.9
595,187,297,1,242.14
596,187,168,2,243.76
597,188,177,3,170.45
598,188,143,2,277.99
599,188,256,4,265.57
600,189,251,4,160.7
601,189,248,3,498.98
602,189,1,3,240.09
603,189,142,4,420.34
604,189,262,2,306.06
605,190,260,4,307.22
606,191,70,2,256.04
607,191,238,1,441.1
608,191,279,3,412.61
609,191,152,4,400.9
610,191,101,2,68.3
611,192,224,2,477.89
612,192,281,1,187.2
613,192,156,4,466.38
614,192,250,2,125.82
615,193,43,2,380.87
616,193,77,4,277.6
617,193,187,1,442.69
618,193,175,3,254.87
619,193,157,3,122.4
620,194,154,4,214.36
621,194,140,1,13.9
622,195,46,3,298.6
623,196,30,2,219.39
624,197,123,1,173.45
625,198,273,2,142.34
626,199,178,2,386.42
627,199,285,1,288.66
628,199,23,2,425.4
629,199,259,2,281.8
630,199,242,1,403.48
631,200,82,1,300.72
632,200,279,3,412.61
633,200,118,3,127.24
634,200,122,3,216.57
635,200,158,4,125.25
636,201,131,2,235.44
637,201,95,4,443.58
638,201,22,1,7.76
639,202,71,3,269.79
640,202,26,3,319.64
641,202,244,1,79.68
642,203,172,1,116.94
643,203,196,3,46.7
644,203,171,4,454.2
645,203,298,2,332.33
646,203,263,3,298.41
647,204,264,3,251.73
648,205,223,1,410.85
649,206,90,3,310.39
650,206,117,3,451.52
651,206,248,2,498.98
652,206,75,4,47.98
653,207,77,3,277.6
654,208,153,4,153.89
655,208,114,4,375.54
656,209,281,2,187.2
657,209,291,1,337.77
658,209,208,1,294.38
659,210,41,1,111.52
660,210,84,2,91.65
661,210,17,3,270.98
662,211,176,3,409.65
663,211,244,4,79.68
664,211,22,4,7.76
665,212,216,2,466.65
666,212,185,2,68.68
667,212,131,3,235.44
668,212,83,3,67.51
669,212,166,4,215.51
670,213,67,3,85.85
671,214,74,2,281.62
672,214,116,1,198.65
673,214,87,3,412.36
674,214,199,2,237.93
675,215,290,3,59.43
676,216,122,1,216.57
677,216,99,1,122.42
678,216,245,1,264.26
679,216,27,3,228.07
680,217,94,4,112.67
681,217,69,1,51.48
682,217,99,4,122.42
683,217,63,1,51.26
684,218,269,2,213.28
685,218,28,1,166.38
686,218,131,2,235.44
687,219,84,3,91.65
688,219,146,4,204.96
689,219,268,3,112.28
690,219,239,4,430.22
691,219,31,4,293.94
692,220,268,1,112.28
693,220,52,1,55.35
694,220,97,3,174.36
695,220,164,3,317.64
696,220,101,3,68.3
697,221,117,1,451.52
698,221,30,3,219.39
699,221,148,3,128.77
700,221,293,4,172.08
701,221,63,4,51.26
702,222,71,3,269.79
703,222,293,1,172.08
704,223,86,1,283.31
705,224,104,4,294.86
706,225,2,3,313.93
707,225,268,4,112.28
708,225,20,1,266.77
709,225,181,1,223.62
710,225,209,2,220.27
711,226,104,3,294.86
712,226,266,4,494.04
713,226,198,4,80.32
714,226,91,1,103.25
715,226,162,2,496.16
716,227,28,2,166.38
717,228,199,3,237.93
718,228,91,3,103.25
719,229,281,2,187.2
720,230,43,1,380.87
721,230,44,4,280.03
722,230,180,2,177.93
723,230,292,3,488.18
724,230,64,3,258.82
725,231,248,3,498.98
726,231,42,3,248.61
727,232,242,2,403.48
728,232,264,4,251.73
729,233,75,1,47.98
730,233,169,4,320.54
731,233,152,3,400.9
732,234,277,2,178.93
733,235,181,2,223.62
734,235,78,4,26.1
735,236,163,4,188.8
736,236,161,1,172.6
737,236,35,1,427.4
738,236,95,3,443.58
739,237,142,4,420.34
740,237,199,1,237.93
741,237,60,2,329.58
742,237,217,2,408.7
743,237,273,2,142.34
744,238,293,1,172.08
745,238,197,1,166.56
746,238,222,4,337.53
747,238,131,3,235.44
748,239,48,1,340.83
749,239,128,3,468.1
750,239,7,4,169.97
751,239,52,1,55.35
752,239,28,4,166.38
753,240,73,3,104.17
754,240,168,4,243.76
755,240,71,4,269.79
756,240,107,2,230.58
757,241,284,4,434.92
758,241,179,1,28.96
759,241,220,2,38.27
760,242,16,3,223.26
761,242,63,4,51.26
762,242,66,3,419.38
763,242,71,1,269.79
764,243,164,4,317.64
765,243,143,3,277.99
766,244,201,3,208.2
767,244,176,2,409.65
768,244,277,1,178.93
769,245,217,1,408.7
770,246,72,4,145.83
771,246,147,1,202.54
772,247,185,3,68.68
773,247,293,1,172.08
774,248,264,2,251.73
775,249,110,2,121.76
776,249,73,2,104.17
777,250,126,3,475.16
778,250,269,2,213.28
779,250,233,4,260.61
780,251,187,1,442.69
781,251,237,3,269.08
782,252,180,1,177.93
783,253,177,1,170.45
784,254,92,1,147.81
785,254,197,4,166.56
786,254,122,4,216.57
787,254,154,4,214.36
788,254,106,2,310.25
789,255,124,4,393.84
790,255,68,4,165.18
791,255,18,3,202.89
792,256,114,4,375.54
793,256,82,2,300.72
794,257,128,1,468.1
795,257,52,2,55.35
796,257,32,4,379.2
797,258,233,2,260.61
798,259,127,2,122.14
799,259,145,1,354.38
800,259,61,2,172.36
801,259,17,2,270.98
802,259,80,3,328.91
803,260,27,1,228.07
804,260,33,4,230.94
805,260,137,2,139.2
806,260,80,3,328.91
807,261,249,3,295.5
808,261,12,1,188.73
809,261,148,1,128.77
810,261,199,1,237.93
811,262,270,1,443.42
812,262,77,4,277.6
813,263,200,1,258.95
814,263,294,2,67.28
815,264,289,3,38.41
816,264,229,2,127.79
817,264,95,1,443.58
818,265,8,3,97.95
819,265,57,4,192.44
820,265,41,1,111.52
821,265,112,2,311.07
822,266,259,1,281.8
823,266,148,4,128.77
824,266,32,1,379.2
825,266,162,1,496.16
826,267,20,2,266.77
827,267,126,1,475.16
828,267,264,1,251.73
829,267,300,2,469.13
830,268,159,2,443.16
831,269,260,3,307.22
832,269,71,4,269.79
833,269,294,1,67.28
834,269,197,4,166.56
835,270,31,4,293.94
836,270,7,4,169.97
837,271,191,2,465.78
838,271,215,1,67.79
839,271,129,3,206.29
840,271,70,4,256.04
841,272,185,2,68.68
842,272,244,2,79.68
843,272,242,1,403.48
844,273,113,3,65.48
845,273,241,1,491.7
846,274,137,4,139.2
847,274,99,3,122.42
848,274,129,3,206.29
849,274,122,4,216.57
850,274,53,3,489.16
851,275,263,4,298.41
852,276,52,1,55.35
853,276,264,2,251.73
854,276,89,4,164.26
855,276,202,3,128.55
856,277,83,2,67.51
857,277,257,1,374.66
858,278,214,4,309.86
859,279,80,1,328.91
860,279,149,4,43.18
861,279,148,3,128.77
862,279,266,4,494.04
863,280,193,4,301.2
864,280,8,1,97.95
865,281,173,1,339.97
866,281,10,2,424.11
867,281,238,2,441.1
868,281,280,3,254.0
869,281,181,1,223.62
870,282,288,2,157.92
871,282,172,3,116.94
872,282,165,2,136.21
873,282,215,4,67.79
874,283,244,2,79.68
875,284,277,3,178.93
876,284,46,4,298.6
877,284,285,3,288.66
878,284,135,4,438.07
879,285,1,1,240.09
880,286,8,1,97.95
881,287,292,1,488.18
882,287,92,1,147.81
883,287,110,2,121.76
884,287,11,3,337.55
885,288,78,3,26.1
886,289,16,1,223.26
887,289,41,2,111.52
888,289,28,3,166.38
889,289,136,1,461.89
890,289,70,2,256.04
891,290,26,3,319.64
892,290,193,1,301.2
893,290,202,1,128.55
894,291,249,2,295.5
895,291,183,1,380.74
896,292,186,4,56.19
897,293,209,3,220.27
898,294,188,4,297.53
899,294,257,1,374.66
900,295,18,2,202.89
901,295,100,1,38.1
902,295,137,1,139.2
903,296,217,4,408.7
904,296,100,1,38.1
905,296,39,2,182.23
906,296,228,2,119.79
907,296,197,4,166.56
908,297,98,2,188.55
909,298,176,3,409.65
910,298,103,2,140.03
911,298,175,4,254.87
912,299,169,2,320.54
913,300,173,2,339.97
914,301,188,1,297.53
915,301,245,4,264.26
916,302,266,2,494.04
917,302,281,1,187.2
918,302,149,3,43.18
919,302,157,3,122.4
920,303,65,1,91.69
921,303,188,3,297.53
922,303,157,3,122.4
923,303,289,4,38.41
924,304,174,4,6.05
925,305,36,4,434.74
926,306,267,1,185.94
927,306,170,2,319.91
928,306,116,2,198.65
929,306,169,1,320.54
930,307,47,4,348.76
931,308,235,3,236.29
932,309,67,3,85.85
933,309,148,4,128.77
934,310,299,3,319.72
935,310,263,2,298.41
936,310,227,2,127.2
937,311,283,3,430.36
938,311,78,3,26.1
939,311,230,2,499.62
940,311,295,1,48.55
941,311,118,2,127.24
942,312,107,2,230.58
943,312,114,4,375.54
944,312,196,4,46.7
945,312,295,3,48.55
946,312,162,1,496.16
947,313,254,3,228.59
948,313,119,1,419.64
949,313,216,1,466.65
950,313,28,3,166.38
951,314,126,4,475.16
952,314,238,3,441.1
953,314,231,4,31.84
954,315,233,1,260.61
955,316,119,4,419.64
956,316,53,4,489.16
957,316,12,2,188.73
958,316,168,4,243.76
959,316,197,1,166.56
960,317,68,1,165.18
961,318,42,3,248.61
962,318,286,4,51.14
963,318,100,1,38.1
964,318,68,2,165.18
965,318,70,4,256.04
966,319,207,4,286.96
967,319,165,2,136.21
968,319,253,3,411.34
969,319,237,3,269.08
970,320,96,4,308.98
971,320,268,2,112.28
972,321,77,1,277.6
973,321,215,4,67.79
974,321,115,2,148.87
975,321,174,1,6.05
976,321,99,3,122.42
977,322,221,3,434.95
978,322,154,4,214.36
979,322,93,2,310.56
980,322,295,4,48.55
981,323,178,1,386.42
982,323,118,1,127.24
983,323,115,4,148.87
984,323,108,2,276.99
985,323,176,2,409.65
986,324,135,1,438.07
987,325,56,1,469.55
988,325,62,1,494.19
989,325,159,2,443.16
990,325,41,1,111.52
991,325,248,2,498.98
992,326,19,2,445.96
993,326,86,1,283.31
994,327,4,2,388.11
995,328,144,4,266.2
996,328,243,1,122.96
997,328,164,3,317.64
998,328,267,1,185.94
999,328,185,1,68.68
1000,329,220,1,38.27
1001,330,197,4,166.56
1002,330,48,4,340.83
1003,330,221,3,434.95
1004,330,168,4,243.76
1005,331,35,2,427.4
1006,331,109,1,153.75
1007,332,255,2,328.32
1008,333,285,4,288.66
1009,333,73,4,104.17
1010,333,22,4,7.76
1011,333,63,4,51.26
1012,334,169,1,320.54
1013,334,134,4,351.06
1014,335,141,1,327.95
1015,335,50,3,104.35
1016,336,131,4,235.44
1017,336,151,4,186.9
1018,337,182,3,171.68
1019,338,24,2,12.45
1020,338,222,2,337.53
1021,338,97,1,174.36
1022,338,203,1,408.97
1023,339,263,2,298.41
1024,339,171,3,454.2
1025,340,35,1,427.4
1026,340,91,1,103.25
1027,340,285,3,288.66
1028,340,78,1,26.1
1029,341,43,1,380.87
1030,341,191,2,465.78
1031,341,196,4,46.7
1032,342,282,1,10.01
1033,343,20,2,266.77
1034,343,59,3,114.22
1035,343,92,2,147.81
1036,343,219,3,39.13
1037,344,236,3,421.51
1038,344,145,1,354.38
1039,344,73,4,104.17
1040,345,53,4,489.16
1041,346,300,1,469.13
1042,346,8,2,97.95
1043,346,32,4,379.2
1044,347,68,4,165.18
1045,347,147,2,202.54
1046,347,105,2,146.3
1047,347,98,3,188.55
1048,348,117,3,451.52
1049,348,297,3,242.14
1050,349,292,3,488.18
1051,349,255,1,328.32
1052,350,25,1,348.84
1053,350,92,2,147.81
1054,350,123,1,173.45
1055,351,202,2,128.55
1056,351,156,1,466.38
1057,351,128,4,468.1
1058,351,195,4,105.48
1059,352,286,1,51.14
1060,352,191,1,465.78
1061,352,180,3,177.93
1062,352,63,4,51.26
1063,352,261,1,58.92
1064,353,160,1,310.96
1065,353,151,1,186.9
1066,354,167,4,233.32
1067,354,39,2,182.23
1068,354,267,1,185.94
1069,355,220,3,38.27
1070,355,259,2,281.8
1071,355,101,4,68.3
1072,355,70,4,256.04
1073,356,74,3,281.62
1074,356,147,1,202.54
1075,357,172,2,116.94
1076,357,62,1,494.19
1077,358,39,3,182.23
1078,358,34,1,160.9
1079,358,242,4,403.48
1080,358,159,4,443.16
1081,359,80,3,328.91
1082,359,216,4,466.65
1083,359,85,1,360.53
1084,360,45,3,330.66
1085,360,164,1,317.64
1086,360,16,1,223.26
1087,361,263,2,298.41
1088,362,99,3,122.42
1089,362,257,3,374.66
1090,362,251,2,160.7
1091,362,59,4,114.22
1092,362,97,4,174.36
1093,363,63,4,51.26
1094,363,137,1,139.2
1095,363,73,2,104.17
1096,364,217,4,408.7
1097,364,132,1,292.02
1098,364,95,4,443.58
1099,364,78,2,26.1
1100,365,223,1,410.85
1101,365,154,2,214.36
1102,365,279,2,412.61
1103,366,179,4,28.96
1104,366,231,2,31.84
1105,366,25,2,348.84
1106,366,101,1,68.3
1107,367,92,2,147.81
1108,367,276,1,210.77
1109,367,260,2,307.22
1110,368,258,4,352.75
1111,368,82,2,300.72
1112,368,175,1,254.87
1113,368,164,2,317.64
1114,368,210,1,259.54
1115,369,195,2,105.48
1116,370,287,4,67.32
1117,371,65,1,91.69
1118,371,229,3,127.79
1119,371,158,4,125.25
1120,372,32,1,379.2
1121,372,197,3,166.56
1122,372,237,1,269.08
1123,372,80,3,328.91
1124,373,278,4,264.93
1125,374,196,3,46.7
1126,374,187,1,442.69
1127,375,60,1,329.58
1128,375,286,2,51.14
1129,375,283,4,430.36
1130,375,184,4,41.14
1131,375,237,1,269.08
1132,376,219,2,39.13
1133,377,261,3,58.92
1134,378,187,3,442.69
1135,378,64,3,258.82
1136,378,32,2,379.2
1137,379,85,2,360.53
1138,379,136,3,461.89
1139,379,203,1,408.97
1140,379,211,4,381.57
1141,380,39,3,182.23
1142,380,25,1,348.84
1143,380,293,1,172.08
1144,380,217,3,408.7
1145,381,14,4,153.13
1146,381,41,4,111.52
1147,381,167,1,233.32
1148,381,6,2,209.7
1149,381,252,2,430.51
1150,382,293,2,172.08
1151,382,213,1,375.44
1152,382,34,3,160.9
1153,383,262,3,306.06
1154,383,250,4,125.82
1155,384,44,3,280.03
1156,384,288,2,157.92
1157,384,12,4,188.73
1158,385,152,2,400.9
1159,385,289,3,38.41
1160,386,159,4,443.16
1161,386,83,3,67.51
1162,386,48,2,340.83
1163,386,239,3,430.22
1164,386,181,1,223.62
1165,387,37,4,21.32
1166,387,164,3,317.64
1167,387,171,1,454.2
1168,388,274,4,474.52
1169,388,292,3,488.18
1170,388,12,4,188.73
1171,388,47,3,348.76
1172,389,219,3,39.13
1173,389,292,1,488.18
1174,390,17,3,270.98
1175,390,116,1,198.65
1176,390,200,2,258.95
1177,390,5,2,288.39
1178,390,179,4,28.96
1179,391,206,1,343.28
1180,391,11,3,337.55
1181,392,166,4,215.51
1182,392,150,2,17.75
1183,392,295,2,48.55
1184,393,47,3,348.76
1185,393,139,4,310.45
1186,393,132,4,292.02
1187,393,187,1,442.69
1188,394,283,4,430.36
1189,394,295,1,48.55
1190,395,146,4,204.96
1191,395,65,4,91.69
1192,396,114,2,375.54
1193,396,189,2,260.69
1194,396,33,3,230.94
1195,396,112,1,311.07
1196,397,233,1,260.61
1197,397,119,1,419.64
1198,397,245,2,264.26
1199,398,299,2,319.72
1200,398,239,4,430.22
1201,399,72,3,145.83
1202,399,201,1,208.2
1203,399,165,3,136.21
1204,400,60,4,329.58
1205,400,187,1,442.69
1206,400,96,4,308.98
1207,400,170,2,319.91
1208,401,251,4,160.7
1209,401,54,3,277.74
1210,402,299,1,319.72
1211,402,99,4,122.42
1212,402,228,3,119.79
1213,402,247,1,160.17
1214,402,275,2,199.79
1215,403,131,3,235.44
1216,403,70,4,256.04
1217,403,163,2,188.8
1218,403,7,1,169.97
1219,403,91,4,103.25
1220,404,66,3,419.38
1221,404,250,3,125.82
1222,404,239,1,430.22
1223,405,64,2,258.82
1224,406,57,2,192.44
1225,407,280,4,254.0
1226,408,104,1,294.86
1227,408,155,4,154.38
1228,408,173,3,339.97
1229,409,77,1,277.6
1230,409,203,3,408.97
1231,409,270,4,443.42
1232,409,212,1,462.33
1233,409,262,1,306.06
1234,410,55,1,364.61
1235,410,155,4,154.38
1236,410,225,1,258.06
1237,411,45,4,330.66
1238,412,147,4,202.54
1239,412,240,2,10.58
1240,413,51,2,87.61
1241,413,48,1,340.83
1242,413,71,2,269.79
1243,414,47,3,348.76
1244,414,140,1,13.9
1245,414,293,3,172.08
1246,415,238,1,441.1
1247,415,115,1,148.87
1248,415,195,3,105.48
1249,415,298,2,332.33
1250,416,64,3,258.82
1251,417,73,4,104.17
1252,417,110,4,121.76
1253,417,174,2,6.05
1254,417,62,3,494.19
1255,418,148,4,128.77
1256,418,230,1,499.62
1257,418,102,1,123.88
1258,418,281,1,187.2
1259,418,101,4,68.3
1260,419,64,4,258.82
1261,419,187,4,442.69
1262,419,116,3,198.65
1263,419,159,2,443.16
1264,420,218,4,34.5
1265,421,126,4,475.16
1266,421,202,3,128.55
1267,421,152,3,400.9
1268,421,21,1,394.05
1269,421,66,3,419.38
1270,422,98,3,188.55
1271,422,69,1,51.48
1272,422,86,2,283.31
1273,422,116,4,198.65
1274,422,176,2,409.65
1275,423,78,1,26.1
1276,423,296,2,404.88
1277,423,205,1,257.71
1278,423,236,3,421.51
1279,424,7,4,169.97
1280,424,12,3,188.73
1281,424,200,4,258.95
1282,424,43,2,380.87
1283,425,222,2,337.53
1284,425,292,3,488.18
1285,426,202,4,128.55
1286,427,222,3,337.53
1287,427,169,2,320.54
1288,428,148,4,128.77
1289,428,130,1,281.38
1290,429,283,3,430.36
1291,429,262,4,306.06
1292,430,135,1,438.07
1293,430,212,1,462.33
1294,430,103,3,140.03
1295,430,180,4,177.93
1296,430,64,4,258.82
1297,431,163,1,188.8
1298,431,147,3,202.54
1299,431,183,3,380.74
1300,432,4,2,388.11
1301,433,251,3,160.7
1302,433,227,4,127.2
1303,433,184,1,41.14
1304,433,213,3,375.44
1305,433,300,1,469.13
1306,434,66,1,419.38
1307,435,139,3,310.45
1308,435,148,1,128.77
1309,436,268,1,112.28
1310,436,242,1,403.48
1311,436,213,1,375.44
1312,436,13,3,145.43
1313,437,157,4,122.4
1314,437,42,2,248.61
1315,437,89,2,164.26
1316,437,251,1,160.7
1317,438,289,3,38.41
1318,438,165,3,136.21
1319,438,99,4,122.42
1320,439,185,1,68.68
1321,440,242,4,403.48
1322,440,180,1,177.93
1323,440,217,2,408.7
1324,441,58,3,186.07
1325,441,203,4,408.97
1326,441,41,4,111.52
1327,441,16,1,223.26
1328,441,180,3,177.93
1329,442,293,1,172.08
1330,442,61,2,172.36
1331,442,149,4,43.18
1332,442,84,1,91.65
1333,443,225,1,258.06
1334,443,134,3,351.06
1335,443,81,1,428.06
1336,443,85,4,360.53
1337,444,135,2,438.07
1338,444,161,4,172.6
1339,444,29,4,38.34
1340,444,71,3,269.79
1341,445,245,4,264.26
1342,445,42,1,248.61
1343,445,137,2,139.2
1344,445,76,3,32.13
1345,446,293,4,172.08
1346,446,204,1,82.41
1347,446,84,4,91.65
1348,447,223,2,410.85
1349,447,291,2,337.77
1350,447,248,3,498.98
1351,448,204,1,82.41
1352,448,284,3,434.92
1353,448,19,3,445.96
1354,449,229,4,127.79
1355,450,262,4,306.06
1356,450,69,2,51.48
1357,450,50,1,104.35
1358,451,204,3,82.41
1359,451,292,2,488.18
1360,451,4,4,388.11
1361,451,212,3,462.33
1362,451,90,1,310.39
1363,452,155,4,154.38
1364,452,240,4,10.58
1365,452,88,3,47.15
1366,452,120,1,400.58
1367,453,253,2,411.34
1368,454,102,2,123.88
1369,455,97,1,174.36
1370,455,218,2,34.5
1371,455,142,3,420.34
1372,456,56,1,469.55
1373,456,242,4,403.48
1374,456,213,4,375.44
1375,457,84,2,91.65
1376,457,119,3,419.64
1377,457,266,3,494.04
1378,457,212,2,462.33
1379,458,276,1,210.77
1380,458,298,2,332.33
1381,458,92,1,147.81
1382,458,12,2,188.73
1383,458,11,4,337.55
1384,459,126,4,475.16
1385,459,62,1,494.19
1386,459,17,1,270.98
1387,460,134,1,351.06
1388,460,274,1,474.52
1389,460,270,2,443.42
1390,460,119,2,419.64
1391,461,250,1,125.82
1392,461,82,4,300.72
1393,461,208,3,294.38
1394,461,186,4,56.19
1395,461,144,2,266.2
1396,462,171,4,454.2
1397,462,8,3,97.95
1398,463,198,4,80.32
1399,463,79,2,74.86
1400,463,92,3,147.81
1401,464,104,1,294.86
1402,464,13,1,145.43
1403,464,181,1,223.62
1404,464,100,1,38.1
1405,464,202,1,128.55
1406,465,178,2,386.42
1407,465,141,4,327.95
1408,465,227,4,127.2
1409,465,231,1,31.84
1410,465,167,1,233.32
1411,466,286,1,51.14
1412,467,266,4,494.04
1413,467,110,1,121.76
1414,467,195,3,105.48
1415,468,155,1,154.38
1416,469,38,4,223.97
1417,469,210,4,259.54
1418,469,297,2,242.14
1419,469,20,3,266.77
1420,469,266,1,494.04
1421,470,94,1,112.67
1422,470,300,3,469.13
1423,470,35,4,427.4
1424,470,180,3,177.93
1425,470,255,3,328.32
1426,471,208,1,294.38
1427,471,237,2,269.08
1428,471,87,1,412.36
1429,471,31,3,293.94
1430,472,58,2,186.07
1431,472,86,3,283.31
1432,472,284,2,434.92
1433,473,282,3,10.01
1434,474,137,1,139.2
1435,475,151,1,186.9
1436,475,21,2,394.05
1437,475,238,4,441.1
1438,475,41,3,111.52
1439,476,95,4,443.58
1440,476,227,2,127.2
1441,476,254,4,228.59
1442,476,67,4,85.85
1443,476,281,2,187.2
1444,477,120,1,400.58
1445,477,93,1,310.56
1446,477,255,1,328.32
1447,477,5,3,288.39
1448,477,286,3,51.14
1449,478,140,3,13.9
1450,478,189,3,260.69
1451,479,74,1,281.62
1452,480,106,3,310.25
1453,480,171,1,454.2
1454,480,141,1,327.95
1455,481,221,4,434.95
1456,481,102,1,123.88
1457,481,197,1,166.56
1458,482,142,2,420.34
1459,482,4,4,388.11
1460,482,100,2,38.1
1461,483,72,1,145.83
1462,483,20,2,266.77
1463,484,119,2,419.64
1464,484,179,2,28.96
1465,484,222,4,337.53
1466,485,143,1,277.99
1467,485,13,2,145.43
1468,485,148,1,128.77
1469,486,167,3,233.32
1470,486,225,4,258.06
1471,487,260,3,307.22
1472,487,149,3,43.18
1473,488,91,4,103.25
1474,488,250,3,125.82
1475,489,293,3,172.08
1476,489,72,4,145.83
1477,489,127,1,122.14
1478,490,27,2,228.07
1479,490,178,3,386.42
1480,490,119,1,419.64
1481,491,243,4,122.96
1482,491,245,1,264.26
1483,491,98,1,188.55
1484,492,141,1,327.95
1485,493,170,3,319.91
1486,493,231,2,31.84
1487,493,9,2,466.16
1488,493,135,1,438.07
1489,493,76,3,32.13
1490,494,101,1,68.3
1491,494,205,2,257.71
1492,495,229,2,127.79
1493,495,135,1,438.07
1494,495,80,3,328.91
1495,496,60,2,329.58
1496,496,28,1,166.38
1497,496,237,2,269.08
1498,496,192,2,53.7
1499,496,242,4,403.48
1500,497,64,4,258.82
1501,497,130,3,281.38
1502,497,15,4,301.89
1503,497,292,2,488.18
1504,498,146,4,204.96
1505,498,101,4,68.3
1506,499,103,3,140.03
1507,499,55,2,364.61
1508,499,75,1,47.98
1509,499,171,1,454.2
1510,499,39,4,182.23
1511,500,223,2,410.85
1512,501,241,1,491.7
1513,501,234,4,220.09
1514,501,288,1,157.92
1515,502,225,3,258.06
1516,502,287,1,67.32
1517,502,95,4,443.58
1518,503,261,2,58.92
1519,503,268,4,112.28
1520,503,155,2,154.38
1521,503,34,2,160.9
1522,504,142,1,420.34
1523,504,218,1,34.5
1524,504,67,2,85.85
1525,505,295,2,48.55
1526,505,153,1,153.89
1527,505,254,2,228.59
1528,505,124,1,393.84
1529,505,42,4,248.61
1530,506,183,2,380.74
1531,507,161,4,172.6
1532,507,206,1,343.28
1533,508,108,2,276.99
1534,508,203,1,408.97
1535,509,103,4,140.03
1536,509,34,1,160.9
1537,509,175,3,254.87
1538,510,257,1,374.66
1539,510,252,4,430.51
1540,510,2,3,313.93
1541,511,24,3,12.45
1542,511,67,3,85.85
1543,511,248,4,498.98
1544,511,119,1,419.64
1545,512,295,3,48.55
1546,512,165,3,136.21
1547,512,188,3,297.53
1548,512,265,2,469.13
1549,513,293,3,172.08
1550,513,154,1,214.36
1551,513,33,3,230.94
1552,514,22,3,7.76
1553,514,28,4,166.38
1554,514,241,1,491.7
1555,514,291,3,337.77
1556,515,24,3,12.45
1557,515,72,4,145.83
1558,515,250,2,125.82
1559,516,55,3,364.61
1560,516,97,3,174.36
1561,516,59,2,114.22
1562,516,5,2,288.39
1563,517,49,2,195.92
1564,517,125,3,16.23
1565,517,124,3,393.84
1566,517,192,2,53.7
1567,517,90,4,310.39
1568,518,127,4,122.14
1569,519,38,1,223.97
1570,519,148,2,128.77
1571,519,193,2,301.2
1572,519,158,4,125.25
1573,519,15,3,301.89
1574,520,126,1,475.16
1575,521,35,1,427.4
1576,522,271,4,197.61
1577,522,186,4,56.19
1578,523,60,1,329.58
1579,523,227,3,127.2
1580,524,26,2,319.64
1581,524,92,3,147.81
1582,524,39,2,182.23
1583,524,49,4,195.92
1584,524,156,2,466.38
1585,525,280,4,254.0
1586,525,30,3,219.39
1587,525,36,3,434.74
1588,525,6,2,209.7
1589,525,18,4,202.89
1590,526,196,4,46.7
1591,526,145,3,354.38
1592,526,141,1,327.95
1593,526,81,4,428.06
1594,527,254,3,228.59
1595,528,228,2,119.79
1596,528,157,1,122.4
1597,528,152,4,400.9
1598,528,111,2,480.21
1599,528,286,1,51.14
1600,529,191,1,465.78
1601,530,214,1,309.86
1602,531,61,2,172.36
1603,531,248,2,498.98
1604,531,183,3,380.74
1605,531,70,3,256.04
1606,531,295,2,48.55
1607,532,141,1,327.95
1608,532,53,2,489.16
1609,532,130,1,281.38
1610,532,238,1,441.1
1611,533,63,4,51.26
1612,533,240,2,10.58
1613,533,150,3,17.75
1614,533,228,3,119.79
1615,534,297,2,242.14
1616,534,46,2,298.6
1617,534,219,2,39.13
1618,534,265,1,469.13
1619,535,42,4,248.61
1620,535,199,2,237.93
1621,536,283,3,430.36
1622,536,186,4,56.19
1623,537,48,1,340.83
1624,538,255,4,328.32
1625,538,241,1,491.7
1626,538,28,3,166.38
1627,538,72,3,145.83
1628,539,59,4,114.22
1629,539,9,2,466.16
1630,539,178,3,386.42
1631,540,73,3,104.17
1632,540,37,3,21.32
1633,540,26,2,319.64
1634,541,163,4,188.8
1635,541,153,3,153.89
1636,541,250,3,125.82
1637,542,73,4,104.17
1638,543,291,2,337.77
1639,543,95,4,443.58
1640,544,74,2,281.62
1641,544,86,1,283.31
1642,544,32,4,379.2
1643,545,271,1,197.61
1644,545,12,3,188.73
1645,545,228,2,119.79
1646,545,167,3,233.32
1647,545,132,3,292.02
1648,546,293,2,172.08
1649,546,117,1,451.52
1650,546,278,2,264.93
1651,547,5,4,288.39
1652,547,13,1,145.43
1653,547,167,4,233.32
1654,547,294,4,67.28
1655,547,89,2,164.26
1656,548,93,4,310.56
1657,548,85,1,360.53
1658,548,20,4,266.77
1659,548,4,1,388.11
1660,549,31,3,293.94
1661,549,80,1,328.91
1662,550,77,4,277.6
1663,550,141,2,327.95
1664,550,86,4,283.31
1665,551,90,3,310.39
1666,551,268,1,112.28
1667,552,27,1,228.07
1668,552,139,3,310.45
1669,553,267,3,185.94
1670,554,151,2,186.9
1671,555,277,4,178.93
1672,556,216,3,466.65
1673,556,288,1,157.92
1674,557,198,2,80.32
1675,558,169,2,320.54
1676,558,61,3,172.36
1677,558,162,3,496.16
1678,559,143,4,277.99
1679,559,81,3,428.06
1680,559,25,2,348.84
1681,559,203,3,408.97
1682,560,288,3,157.92
1683,560,160,3,310.96
1684,560,106,1,310.25
1685,560,90,3,310.39
1686,561,7,3,169.97
1687,562,71,2,269.79
1688,562,4,1,388.11
1689,562,38,4,223.97
1690,563,250,1,125.82
1691,563,122,2,216.57
1692,563,82,1,300.72
1693,563,296,2,404.88
1694,563,45,4,330.66
1695,564,230,4,499.62
1696,564,13,4,145.43
1697,564,225,1,258.06
1698,565,282,2,10.01
1699,565,155,2,154.38
1700,565,237,2,269.08
1701,566,145,1,354.38
1702,566,9,1,466.16
1703,567,10,1,424.11
1704,568,65,1,91.69
1705,568,288,2,157.92
1706,568,105,3,146.3
1707,569,151,1,186.9
1708,569,53,3,489.16
1709,569,264,1,251.73
1710,569,59,1,114.22
1711,569,86,3,283.31
1712,570,109,3,153.75
1713,570,278,4,264.93
1714,570,154,3,214.36
1715,570,139,1,310.45
1716,571,63,3,51.26
1717,571,262,4,306.06
1718,571,100,3,38.1
1719,571,242,4,403.48
1720,572,83,2,67.51
1721,572,6,3,209.7
1722,572,265,3,469.13
1723,572,269,1,213.28
1724,572,74,3,281.62
1725,573,213,1,375.44
1726,573,72,1,145.83
1727,573,25,3,348.84
1728,574,51,2,87.61
1729,575,34,1,160.9
1730,575,225,4,258.06
1731,575,45,3,330.66
1732,575,90,1,310.39
1733,575,255,4,328.32
1734,576,219,3,39.13
1735,576,295,2,48.55
1736,576,89,4,164.26
1737,577,245,3,264.26
1738,577,43,2,380.87
1739,577,295,4,48.55
1740,578,132,4,292.02
1741,578,118,4,127.24
1742,578,210,4,259.54
1743,578,43,3,380.87
1744,579,90,3,310.39
1745,579,10,3,424.11
1746,580,78,3,26.1
1747,580,139,3,310.45
1748,580,14,4,153.13
1749,580,227,3,127.2
1750,581,150,2,17.75
1751,582,65,4,91.69
1752,583,129,1,206.29
1753,583,79,1,74.86
1754,583,187,1,442.69
1755,583,273,2,142.34
1756,584,69,1,51.48
1757,585,153,1,153.89
1758,585,67,3,85.85
1759,585,76,3,32.13
1760,585,211,3,381.57
1761,585,145,4,354.38
1762,586,55,4,364.61
1763,586,83,4,67.51
1764,586,275,3,199.79
1765,587,209,3,220.27
1766,587,117,4,451.52
1767,587,132,3,292.02
1768,588,16,3,223.26
1769,589,170,4,319.91
1770,590,260,4,307.22
1771,590,277,4,178.93
1772,590,150,3,17.75
1773,590,115,1,148.87
1774,591,117,2,451.52
1775,591,56,1,469.55
1776,591,26,4,319.64
1777,592,71,3,269.79
1778,592,284,2,434.92
1779,593,133,1,457.25
1780,593,16,3,223.26
1781,594,170,1,319.91
1782,594,192,1,53.7
1783,594,275,4,199.79
1784,594,188,3,297.53
1785,594,269,3,213.28
1786,595,280,2,254.0
1787,595,183,4,380.74
1788,595,264,3,251.73
1789,595,130,3,281.38
1790,595,150,3,17.75
1791,596,56,3,469.55
1792,596,137,3,139.2
1793,596,100,4,38.1
1794,596,142,4,420.34
1795,597,18,4,202.89
1796,598,189,1,260.69
1797,598,213,2,375.44
1798,598,298,1,332.33
1799,598,76,3,32.13
1800,598,191,3,465.78
1801,599,185,2,68.68
1802,599,248,2,498.98
1803,599,14,4,153.13
1804,599,256,3,265.57
1805,600,161,1,172.6
1806,600,115,3,148.87
1807,600,183,2,380.74
1808,601,222,1,337.53
1809,601,252,1,430.51
1810,601,171,2,454.2
1811,601,153,2,153.89
1812,601,253,1,411.34
1813,602,78,4,26.1
1814,603,128,1,468.1
1815,603,77,2,277.6
1816,603,236,3,421.51
1817,603,73,1,104.17
1818,603,210,1,259.54
1819,604,204,2,82.41
1820,605,61,1,172.36
1821,605,60,1,329.58
1822,605,116,3,198.65
1823,605,12,4,188.73
1824,606,143,1,277.99
1825,607,10,2,424.11
1826,607,2,1,313.93
1827,607,263,4,298.41
1828,608,153,1,153.89
1829,608,50,3,104.35
1830,608,146,2,204.96
1831,609,162,2,496.16
1832,609,154,4,214.36
1833,609,287,1,67.32
1834,610,176,2,409.65
1835,611,142,1,420.34
1836,611,5,1,288.39
1837,611,231,2,31.84
1838,611,158,2,125.25
1839,611,269,1,213.28
1840,612,237,2,269.08
1841,612,13,4,145.43
1842,613,143,2,277.99
1843,613,210,1,259.54
1844,613,7,4,169.97
1845,613,1,3,240.09
1846,614,293,2,172.08
1847,614,129,4,206.29
1848,614,138,3,234.17
1849,615,154,2,214.36
1850,615,153,3,153.89
1851,615,192,3,53.7
1852,616,127,2,122.14
1853,616,186,4,56.19
1854,616,249,1,295.5
1855,617,250,3,125.82
1856,617,148,2,128.77
1857,617,138,1,234.17
1858,617,216,4,466.65
1859,617,213,1,375.44
1860,618,38,2,223.97
1861,618,114,2,375.54
1862,619,57,2,192.44
1863,619,36,2,434.74
1864,619,163,1,188.8
1865,619,252,1,430.51
1866,620,201,2,208.2
1867,621,55,3,364.61
1868,621,248,4,498.98
1869,621,20,4,266.77
1870,621,158,4,125.25
1871,622,253,4,411.34
1872,622,6,1,209.7
1873,622,195,3,105.48
1874,622,138,3,234.17
1875,623,158,3,125.25
1876,623,293,3,172.08
1877,623,264,4,251.73
1878,623,232,1,150.58
1879,623,113,3,65.48
1880,624,30,1,219.39
1881,624,154,2,214.36
1882,624,143,4,277.99
1883,624,21,1,394.05
1884,625,248,1,498.98
1885,625,58,3,186.07
1886,625,116,4,198.65
1887,626,140,2,13.9
1888,626,220,2,38.27
1889,627,246,4,247.81
1890,627,256,1,265.57
1891,627,171,4,454.2
1892,627,235,4,236.29
1893,627,121,4,173.91
1894,628,211,1,381.57
1895,628,208,1,294.38
1896,628,176,3,409.65
1897,628,70,3,256.04
1898,628,269,1,213.28
1899,629,97,3,174.36
1900,630,83,1,67.51
1901,631,218,3,34.5
1902,632,147,3,202.54
1903,633,138,1,234.17
1904,633,228,3,119.79
1905,634,3,1,267.35
1906,634,177,4,170.45
1907,634,140,2,13.9
1908,635,143,1,277.99
1909,636,27,1,228.07
1910,636,208,3,294.38
1911,636,209,2,220.27
1912,636,132,2,292.02
1913,637,119,4,419.64
1914,637,258,2,352.75
1915,637,213,3,375.44
1916,638,156,4,466.38
1917,638,69,4,51.48
1918,638,122,1,216.57
1919,638,226,4,162.66
1920,638,229,4,127.79
1921,639,58,3,186.07
1922,640,36,1,434.74
1923,641,222,2,337.53
1924,642,11,1,337.55
1925,642,93,1,310.56
1926,642,232,1,150.58
1927,643,167,4,233.32
1928,644,263,3,298.41
1929,644,53,3,489.16
1930,644,131,1,235.44
1931,645,135,3,438.07
1932,645,268,4,112.28
1933,646,80,3,328.91
1934,646,287,1,67.32
1935,646,167,1,233.32
1936,646,56,2,469.55
1937,646,232,3,150.58
1938,647,72,3,145.83
1939,647,66,2,419.38
1940,647,167,3,233.32
1941,647,120,2,400.58
1942,648,136,4,461.89
1943,648,211,3,381.57
1944,649,233,3,260.61
1945,649,275,3,199.79
1946,649,211,4,381.57
1947,649,286,3,51.14
1948,650,253,1,411.34
1949,650,184,1,41.14
1950,650,9,3,466.16
1951,650,141,1,327.95
1952,650,206,3,343.28
1953,651,294,3,67.28
1954,651,292,4,488.18
1955,651,238,3,441.1
1956,651,174,3,6.05
1957,651,20,3,266.77
1958,652,207,3,286.96
1959,652,77,4,277.6
1960,652,122,3,216.57
1961,653,73,2,104.17
1962,653,190,2,7.24
1963,654,179,2,28.96
1964,655,265,2,469.13
1965,655,46,4,298.6
1966,655,167,1,233.32
1967,655,185,4,68.68
1968,656,50,4,104.35
1969,656,285,3,288.66
1970,656,159,2,443.16
1971,656,198,2,80.32
1972,657,196,4,46.7
1973,657,35,1,427.4
1974,658,65,3,91.69
1975,658,277,2,178.93
1976,659,63,2,51.26
1977,659,207,1,286.96
1978,660,17,3,270.98
1979,660,28,1,166.38
1980,660,26,4,319.64
1981,661,276,3,210.77
1982,662,61,2,172.36
1983,662,66,2,419.38
1984,662,187,1,442.69
1985,662,275,4,199.79
1986,662,183,2,380.74
1987,663,267,2,185.94
1988,663,133,2,457.25
1989,663,260,1,307.22
1990,663,221,1,434.95
1991,663,179,3,28.96
1992,664,97,4,174.36
1993,664,210,2,259.54
1994,664,266,4,494.04
1995,664,50,3,104.35
1996,664,81,1,428.06
1997,665,127,3,122.14
1998,665,153,1,153.89
1999,666,130,3,281.38
2000,666,289,3,38.41
2001,666,58,4,186.07
2002,666,17,1,270.98
2003,666,140,2,13.9
2004,667,191,1,465.78
2005,667,247,1,160.17
2006,668,217,4,408.7
2007,668,196,3,46.7
2008,668,226,3,162.66
2009,669,210,3,259.54
2010,669,68,3,165.18
2011,669,236,2,421.51
2012,670,41,3,111.52
2013,670,217,3,408.7
2014,670,74,2,281.62
2015,671,251,3,160.7
2016,671,219,2,39.13
2017,672,243,4,122.96
2018,672,269,2,213.28
2019,672,177,4,170.45
2020,672,131,4,235.44
2021,673,293,3,172.08
2022,673,219,3,39.13
2023,674,23,1,425.4
2024,674,259,4,281.8
2025,674,34,2,160.9
2026,674,9,2,466.16
2027,675,145,2,354.38
2028,675,28,3,166.38
2029,675,6,2,209.7
2030,676,174,3,6.05
2031,676,65,1,91.69
2032,677,63,1,51.26
2033,678,161,3,172.6
2034,678,227,3,127.2
2035,678,219,1,39.13
2036,678,241,3,491.7
2037,679,72,4,145.83
2038,679,135,2,438.07
2039,679,167,3,233.32
2040,680,182,1,171.68
2041,680,178,3,386.42
2042,680,184,4,41.14
2043,681,172,3,116.94
2044,681,103,4,140.03
2045,681,78,2,26.1
2046,682,137,3,139.2
2047,682,164,1,317.64
2048,682,25,4,348.84
2049,683,64,4,258.82
2050,683,107,2,230.58
2051,683,111,2,480.21
2052,683,181,4,223.62
2053,683,91,3,103.25
2054,684,213,1,375.44
2055,684,199,1,237.93
2056,684,155,3,154.38
2057,685,51,1,87.61
2058,685,200,1,258.95
2059,685,146,3,204.96
2060,685,274,2,474.52
2061,685,297,1,242.14
2062,686,263,2,298.41
2063,686,80,2,328.91
2064,687,238,2,441.1
2065,687,100,2,38.1
2066,687,199,3,237.93
2067,687,243,1,122.96
2068,688,198,1,80.32
2069,688,100,4,38.1
2070,688,271,1,197.61
2071,688,227,4,127.2
2072,689,261,2,58.92
2073,689,163,3,188.8
2074,690,119,1,419.64
2075,690,124,1,393.84
2076,691,148,4,128.77
2077,691,98,3,188.55
2078,692,123,4,173.45
2079,692,35,3,427.4
2080,692,144,2,266.2
2081,692,87,1,412.36
2082,693,241,2,491.7
2083,694,82,3,300.72
2084,694,78,2,26.1
2085,694,276,3,210.77
2086,694,55,4,364.61
2087,695,226,2,162.66
2088,696,73,2,104.17
2089,696,261,3,58.92
2090,696,82,2,300.72
2091,696,10,2,424.11
2092,697,176,4,409.65
2093,697,46,4,298.6
2094,698,157,2,122.4
2095,698,227,1,127.2
2096,699,291,3,337.77
2097,699,190,3,7.24
2098,699,135,3,438.07
2099,699,76,4,32.13
2100,699,95,2,443.58
2101,700,286,2,51.14
2102,700,241,4,491.7
2103,700,184,4,41.14
2104,700,157,2,122.4
2105,701,287,2,67.32
2106,702,131,1,235.44
2107,702,168,4,243.76
2108,702,132,4,292.02
2109,703,127,4,122.14
2110,703,161,2,172.6
2111,703,292,2,488.18
2112,703,236,3,421.51
2113,704,52,3,55.35
2114,704,151,1,186.9
2115,704,286,4,51.14
2116,704,157,2,122.4
2117,705,295,3,48.55
2118,705,272,1,496.62
2119,705,224,2,477.89
2120,705,226,4,162.66
2121,706,275,4,199.79
2122,706,266,1,494.04
2123,707,197,4,166.56
2124,707,146,3,204.96
2125,708,222,4,337.53
2126,708,276,3,210.77
2127,709,243,1,122.96
2128,709,91,3,103.25
2129,709,182,4,171.68
2130,709,57,1,192.44
2131,710,125,2,16.23
2132,710,258,1,352.75
2133,710,48,1,340.83
2134,710,181,2,223.62
2135,710,263,2,298.41
2136,711,190,4,7.24
2137,711,71,2,269.79
2138,711,248,2,498.98
2139,711,228,2,119.79
2140,711,106,4,310.25
2141,712,51,4,87.61
2142,712,197,4,166.56
2143,712,184,1,41.14
2144,713,177,4,170.45
2145,714,15,1,301.89
2146,714,133,1,457.25
2147,715,92,2,147.81
2148,715,42,2,248.61
2149,715,222,3,337.53
2150,715,52,4,55.35
2151,715,109,1,153.75
2152,716,170,3,319.91
2153,716,119,4,419.64
2154,716,282,1,10.01
2155,717,4,2,388.11
2156,717,275,1,199.79
2157,717,297,1,242.14
2158,717,114,1,375.54
2159,717,290,1,59.43
2160,718,42,2,248.61
2161,719,154,2,214.36
2162,720,127,3,122.14
2163,720,41,3,111.52
2164,720,38,1,223.97
2165,721,262,4,306.06
2166,721,162,4,496.16
2167,721,251,4,160.7
2168,721,34,2,160.9
2169,722,161,2,172.6
2170,722,253,1,411.34
2171,722,80,4,328.91
2172,722,139,3,310.45
2173,722,75,2,47.98
2174,723,139,2,310.45
2175,723,270,4,443.42
2176,723,181,4,223.62
2177,724,16,3,223.26
2178,725,197,1,166.56
2179,725,112,2,311.07
2180,725,10,4,424.11
2181,726,37,1,21.32
2182,726,113,1,65.48
2183,726,73,1,104.17
2184,726,279,4,412.61
2185,727,124,1,393.84
2186,727,113,2,65.48
2187,728,188,3,297.53
2188,728,2,2,313.93
2189,728,38,4,223.97
2190,729,2,4,313.93
2191,729,61,2,172.36
2192,729,197,4,166.56
2193,729,230,2,499.62
2194,729,114,1,375.54
2195,730,231,1,31.84
2196,730,78,2,26.1
2197,730,3,1,267.35
2198,730,284,4,434.92
2199,730,182,3,171.68
2200,731,271,1,197.61
2201,731,167,3,233.32
2202,732,46,4,298.6
2203,733,248,2,498.98
2204,733,73,4,104.17
2205,733,2,1,313.93
2206,734,70,4,256.04
2207,735,171,1,454.2
2208,736,88,4,47.15
2209,736,125,2,16.23
2210,736,1,3,240.09
2211,737,64,4,258.82
2212,737,117,4,451.52
2213,737,248,4,498.98
2214,737,189,2,260.69
2215,738,141,3,327.95
2216,738,89,3,164.26
2217,738,186,4,56.19
2218,739,147,1,202.54
2219,739,251,1,160.7
2220,739,153,4,153.89
2221,740,221,3,434.95
2222,740,272,3,496.62
2223,741,36,2,434.74
2224,741,287,3,67.32
2225,742,17,4,270.98
2226,742,217,4,408.7
2227,743,227,3,127.2
2228,743,293,3,172.08
2229,743,46,2,298.6
2230,743,41,2,111.52
2231,744,161,3,172.6
2232,745,172,2,116.94
2233,745,229,4,127.79
2234,745,5,1,288.39
2235,746,214,1,309.86
2236,746,64,3,258.82
2237,746,81,4,428.06
2238,746,114,4,375.54
2239,747,179,1,28.96
2240,747,60,4,329.58
2241,748,287,4,67.32
2242,748,18,4,202.89
2243,749,299,3,319.72
2244,749,11,3,337.55
2245,750,214,2,309.86
2246,750,168,1,243.76
2247,751,14,2,153.13
2248,751,271,3,197.61
2249,752,105,2,146.3
2250,752,138,4,234.17
2251,752,292,3,488.18
2252,752,237,3,269.08
2253,753,231,4,31.84
2254,753,50,2,104.35
2255,753,155,2,154.38
2256,753,214,1,309.86
2257,754,252,1,430.51
2258,754,113,2,65.48
2259,754,288,3,157.92
2260,754,27,4,228.07
2261,755,117,2,451.52
2262,755,90,3,310.39
2263,756,131,4,235.44
2264,756,254,4,228.59
2265,756,169,1,320.54
2266,756,99,1,122.42
2267,756,182,2,171.68
2268,757,230,4,499.62
2269,757,192,2,53.7
2270,757,6,4,209.7
2271,757,254,3,228.59
2272,757,60,1,329.58
2273,758,253,4,411.34
2274,758,268,2,112.28
2275,758,81,4,428.06
2276,758,161,3,172.6
2277,759,144,3,266.2
2278,759,207,1,286.96
2279,759,4,3,388.11
2280,760,239,3,430.22
2281,760,56,1,469.55
2282,761,215,4,67.79
2283,761,84,2,91.65
2284,762,18,2,202.89
2285,762,156,2,466.38
2286,762,292,1,488.18
2287,763,17,2,270.98
2288,763,164,1,317.64
2289,763,140,4,13.9
2290,763,166,1,215.51
2291,764,283,3,430.36
2292,765,225,3,258.06
2293,765,203,4,408.97
2294,765,228,3,119.79
2295,765,127,2,122.14
2296,766,4,3,388.11
2297,767,254,3,228.59
2298,767,87,4,412.36
2299,767,221,2,434.95
2300,768,106,3,310.25
2301,768,124,3,393.84
2302,768,126,3,475.16
2303,768,282,4,10.01
2304,769,167,1,233.32
2305,770,299,4,319.72
2306,770,142,4,420.34
2307,770,75,2,47.98
2308,770,204,4,82.41
2309,771,70,1,256.04
2310,771,14,2,153.13
2311,772,202,3,128.55
2312,772,50,3,104.35
2313,772,163,1,188.8
2314,773,196,4,46.7
2315,773,155,3,154.38
2316,773,59,1,114.22
2317,774,227,1,127.2
2318,774,68,3,165.18
2319,775,133,3,457.25
2320,775,177,3,170.45
2321,776,111,2,480.21
2322,776,223,2,410.85
2323,777,270,1,443.42
2324,777,169,4,320.54
2325,778,120,4,400.58
2326,778,154,1,214.36
2327,778,7,3,169.97
2328,779,290,3,59.43
2329,779,199,3,237.93
2330,779,41,2,111.52
2331,779,228,1,119.79
2332,780,263,4,298.41
2333,780,43,1,380.87
2334,781,149,2,43.18
2335,781,224,1,477.89
2336,781,62,1,494.19
2337,781,295,3,48.55
2338,782,211,3,381.57
2339,782,88,2,47.15
2340,783,31,4,293.94
2341,783,287,3,67.32
2342,783,159,2,443.16
2343,783,117,1,451.52
2344,783,98,3,188.55
2345,784,296,4,404.88
2346,785,282,3,10.01
2347,785,216,4,466.65
2348,786,218,3,34.5
2349,786,100,2,38.1
2350,786,224,3,477.89
2351,786,112,4,311.07
2352,787,60,3,329.58
2353,788,224,1,477.89
2354,788,142,4,420.34
2355,788,174,3,6.05
2356,788,107,4,230.58
2357,788,29,1,38.34
2358,789,2,2,313.93
2359,790,274,1,474.52
2360,790,50,4,104.35
2361,790,133,3,457.25
2362,790,167,4,233.32
2363,791,2,2,313.93
2364,791,208,1,294.38
2365,791,46,4,298.6
2366,791,60,2,329.58
2367,791,203,3,408.97
2368,792,42,1,248.61
2369,792,146,2,204.96
2370,792,128,1,468.1
2371,793,113,2,65.48
2372,793,200,4,258.95
2373,793,121,2,173.91
2374,794,88,4,47.15
2375,794,17,1,270.98
2376,795,95,4,443.58
2377,795,64,1,258.82
2378,795,273,2,142.34
2379,795,37,3,21.32
2380,796,106,1,310.25
2381,796,128,3,468.1
2382,796,172,4,116.94
2383,797,96,1,308.98
2384,798,94,1,112.67
2385,798,19,1,445.96
2386,798,98,1,188.55
2387,798,174,3,6.05
2388,799,289,3,38.41
2389,800,34,4,160.9
2390,800,177,4,170.45
2391,800,143,4,277.99
2392,800,273,1,142.34
2393,800,184,1,41.14
2394,801,232,3,150.58
2395,801,175,4,254.87
2396,801,248,4,498.98
2397,801,209,3,220.27
2398,801,224,4,477.89
2399,802,138,1,234.17
2400,802,32,2,379.2
2401,802,151,2,186.9
2402,803,280,4,254.0
2403,803,158,2,125.25
2404,803,13,2,145.43
2405,803,70,4,256.04
2406,803,87,1,412.36
2407,804,80,1,328.91
2408,805,107,1,230.58
2409,805,296,1,404.88
2410,805,282,4,10.01
2411,805,136,2,461.89
2412,805,125,4,16.23
2413,806,24,1,12.45
2414,806,63,4,51.26
2415,806,22,4,7.76
2416,806,176,4,409.65
2417,806,238,1,441.1
2418,807,118,1,127.24
2419,807,145,2,354.38
2420,807,165,1,136.21
2421,807,2,3,313.93
2422,808,41,3,111.52
2423,809,171,2,454.2
2424,810,280,4,254.0
2425,810,191,2,465.78
2426,810,93,1,310.56
2427,810,140,4,13.9
2428,811,77,4,277.6
2429,812,296,4,404.88
2430,813,1,4,240.09
2431,813,30,2,219.39
2432,814,6,2,209.7
2433,814,16,2,223.26
2434,814,238,4,441.1
2435,814,22,3,7.76
2436,815,167,3,233.32
2437,815,96,3,308.98
2438,815,274,3,474.52
2439,815,88,3,47.15
2440,816,129,4,206.29
2441,816,217,3,408.7
2442,816,47,1,348.76
2443,816,201,4,208.2
2444,816,227,2,127.2
2445,817,282,3,10.01
2446,817,267,3,185.94
2447,817,96,1,308.98
2448,817,178,3,386.42
2449,817,37,4,21.32
2450,818,120,4,400.58
2451,818,169,4,320.54
2452,819,116,2,198.65
2453,820,80,4,328.91
2454,820,53,3,489.16
2455,821,247,4,160.17
2456,822,294,1,67.28
2457,822,60,4,329.58
2458,822,161,3,172.6
2459,822,211,4,381.57
2460,823,220,2,38.27
2461,823,156,3,466.38
2462,823,15,4,301.89
2463,824,172,2,116.94
2464,825,188,3,297.53
2465,825,62,3,494.19
2466,825,283,1,430.36
2467,825,133,1,457.25
2468,826,272,3,496.62
2469,826,48,3,340.83
2470,826,121,3,173.91
2471,827,194,2,482.79
2472,827,132,2,292.02
2473,827,10,2,424.11
2474,828,224,3,477.89
2475,828,221,3,434.95
2476,829,255,4,328.32
2477,829,12,1,188.73
2478,829,108,3,276.99
2479,830,228,3,119.79
2480,830,107,2,230.58
2481,831,283,2,430.36
2482,831,2,1,313.93
2483,831,33,3,230.94
2484,832,107,4,230.58
2485,832,178,4,386.42
2486,833,283,4,430.36
2487,833,233,3,260.61
2488,833,82,1,300.72
2489,833,184,2,41.14
2490,834,68,1,165.18
2491,834,184,2,41.14
2492,834,74,4,281.62
2493,834,221,3,434.95
2494,835,223,1,410.85
2495,835,170,3,319.91
2496,835,14,2,153.13
2497,835,25,1,348.84
2498,835,73,4,104.17
2499,836,250,3,125.82
2500,836,80,1,328.91
2501,836,249,3,295.5
2502,837,45,4,330.66
2503,837,141,1,327.95
2504,837,189,4,260.69
2505,838,95,1,443.58
2506,839,270,3,443.42
2507,839,44,4,280.03
2508,840,95,4,443.58
2509,841,240,3,10.58
2510,841,35,2,427.4
2511,841,205,3,257.71
2512,842,151,1,186.9
2513,842,254,3,228.59
2514,842,173,3,339.97
2515,843,277,3,178.93
2516,843,121,2,173.91
2517,843,141,2,327.95
2518,843,289,1,38.41
2519,844,213,1,375.44
2520,844,115,4,148.87
2521,844,18,4,202.89
2522,845,269,4,213.28
2523,846,94,2,112.67
2524,846,255,1,328.32
2525,846,209,2,220.27
2526,846,61,3,172.36
2527,846,254,3,228.59
2528,847,49,2,195.92
2529,847,151,1,186.9
2530,847,38,2,223.97
2531,848,10,1,424.11
2532,848,158,2,125.25
2533,848,290,1,59.43
2534,849,206,1,343.28
2535,849,103,4,140.03
2536,849,94,3,112.67
2537,849,220,4,38.27
2538,850,131,3,235.44
2539,850,66,3,419.38
2540,850,219,4,39.13
2541,850,246,1,247.81
2542,851,294,3,67.28
2543,851,283,1,430.36
2544,851,145,1,354.38
2545,851,33,2,230.94
2546,851,185,4,68.68
2547,852,204,3,82.41
2548,852,50,4,104.35
2549,852,215,1,67.79
2550,852,252,2,430.51
2551,852,133,4,457.25
2552,853,66,1,419.38
2553,853,137,1,139.2
2554,853,38,2,223.97
2555,854,89,1,164.26
2556,854,203,4,408.97
2557,854,221,1,434.95
2558,855,250,1,125.82
2559,855,128,4,468.1
2560,855,11,1,337.55
2561,855,189,3,260.69
2562,856,122,2,216.57
2563,857,4,2,388.11
2564,858,249,1,295.5
2565,859,225,3,258.06
2566,860,267,1,185.94
2567,860,265,4,469.13
2568,860,173,2,339.97
2569,860,256,3,265.57
2570,860,231,1,31.84
2571,861,231,3,31.84
2572,861,56,1,469.55
2573,862,43,3,380.87
2574,863,101,4,68.3
2575,863,160,2,310.96
2576,863,288,4,157.92
2577,864,9,2,466.16
2578,864,194,4,482.79
2579,864,258,4,352.75
2580,864,169,4,320.54
2581,864,2,2,313.93
2582,865,137,2,139.2
2583,865,212,1,462.33
2584,866,200,4,258.95
2585,866,64,1,258.82
2586,866,9,3,466.16
2587,867,16,4,223.26
2588,868,202,4,128.55
2589,868,146,2,204.96
2590,868,245,1,264.26
2591,868,34,1,160.9
2592,868,31,4,293.94
2593,869,172,3,116.94
2594,869,156,1,466.38
2595,869,80,4,328.91
2596,870,7,2,169.97
2597,870,86,1,283.31
2598,870,121,2,173.91
2599,870,175,4,254.87
2600,871,43,4,380.87
2601,871,167,2,233.32
2602,871,169,2,320.54
2603,871,138,3,234.17
2604,871,164,4,317.64
2605,872,120,4,400.58
2606,872,160,2,310.96
2607,872,96,4,308.98
2608,872,54,1,277.74
2609,872,253,4,411.34
2610,873,130,2,281.38
2611,873,206,1,343.28
2612,873,253,3,411.34
2613,874,138,2,234.17
2614,874,158,1,125.25
2615,875,187,3,442.69
2616,876,237,3,269.08
2617,876,185,3,68.68
2618,876,249,1,295.5
2619,876,67,3,85.85
2620,876,195,1,105.48
2621,877,63,3,51.26
2622,877,178,3,386.42
2623,877,288,3,157.92
2624,877,269,2,213.28
2625,877,267,4,185.94
2626,878,181,1,223.62
2627,878,67,3,85.85
2628,879,274,4,474.52
2629,880,47,2,348.76
2630,880,273,4,142.34
2631,880,222,1,337.53
2632,880,99,4,122.42
2633,880,86,4,283.31
2634,881,64,1,258.82
2635,881,183,3,380.74
2636,881,272,4,496.62
2637,881,59,3,114.22
2638,882,93,4,310.56
2639,882,284,1,434.92
2640,882,285,1,288.66
2641,883,170,3,319.91
2642,883,13,1,145.43
2643,883,177,3,170.45
2644,884,19,1,445.96
2645,884,228,2,119.79
2646,884,271,2,197.61
2647,884,273,3,142.34
2648,885,175,3,254.87
2649,885,151,1,186.9
2650,885,162,1,496.16
2651,886,107,2,230.58
2652,886,3,2,267.35
2653,886,6,3,209.7
2654,886,35,4,427.4
2655,887,164,4,317.64
2656,887,49,4,195.92
2657,888,264,4,251.73
2658,888,279,2,412.61
2659,888,287,4,67.32
2660,888,189,4,260.69
2661,888,270,3,443.42
2662,889,167,1,233.32
2663,889,176,1,409.65
2664,890,153,2,153.89
2665,890,129,1,206.29
2666,891,261,1,58.92
2667,891,297,2,242.14
2668,891,114,3,375.54
2669,892,48,3,340.83
2670,892,299,4,319.72
2671,892,51,2,87.61
2672,892,176,1,409.65
2673,892,138,3,234.17
2674,893,160,1,310.96
2675,893,146,2,204.96
2676,893,7,1,169.97
2677,894,20,3,266.77
2678,894,102,1,123.88
2679,894,262,2,306.06
2680,894,35,4,427.4
2681,895,127,1,122.14
2682,895,149,3,43.18
2683,895,108,4,276.99
2684,896,254,4,228.59
2685,896,103,1,140.03
2686,896,155,2,154.38
2687,896,282,3,10.01
2688,896,47,1,348.76
2689,897,276,3,210.77
2690,897,63,4,51.26
2691,898,286,2,51.14
2692,899,245,3,264.26
2693,899,233,1,260.61
2694,899,178,2,386.42
2695,899,172,1,116.94
2696,900,224,2,477.89
2697,900,218,1,34.5
2698,900,132,4,292.02
2699,901,183,2,380.74
2700,901,29,3,38.34
2701,901,234,2,220.09
2702,901,80,3,328.91
2703,902,90,3,310.39
2704,902,159,4,443.16
2705,902,171,1,454.2
2706,903,259,4,281.8
2707,903,240,4,10.58
2708,904,6,1,209.7
2709,904,300,4,469.13
2710,905,255,3,328.32
2711,905,204,3,82.41
2712,905,243,3,122.96
2713,905,209,3,220.27
2714,905,231,3,31.84
2715,906,253,1,411.34
2716,906,291,2,337.77
2717,906,120,3,400.58
2718,907,68,2,165.18
2719,907,230,4,499.62
2720,907,131,3,235.44
2721,907,90,4,310.39
2722,908,186,1,56.19
2723,908,216,1,466.65
2724,908,9,4,466.16
2725,908,129,2,206.29
2726,908,261,2,58.92
2727,909,205,2,257.71
2728,910,52,3,55.35
2729,910,27,3,228.07
2730,910,256,4,265.57
2731,910,260,2,307.22
2732,910,73,3,104.17
2733,911,284,2,434.92
2734,911,150,3,17.75
2735,911,59,4,114.22
2736,912,127,3,122.14
2737,912,275,1,199.79
2738,912,73,1,104.17
2739,912,101,1,68.3
2740,913,180,1,177.93
2741,913,139,3,310.45
2742,914,40,1,144.53
2743,914,272,3,496.62
2744,914,241,2,491.7
2745,915,252,4,430.51
2746,915,239,2,430.22
2747,915,281,4,187.2
2748,916,135,3,438.07
2749,916,260,1,307.22
2750,916,158,3,125.25
2751,917,85,3,360.53
2752,917,225,3,258.06
2753,917,47,2,348.76
2754,917,169,1,320.54
2755,917,187,3,442.69
2756,918,17,3,270.98
2757,918,262,4,306.06
2758,918,226,3,162.66
2759,919,66,3,419.38
2760,919,234,1,220.09
2761,919,53,2,489.16
2762,920,179,4,28.96
2763,920,29,4,38.34
2764,920,75,3,47.98
2765,921,297,4,242.14
2766,921,30,3,219.39
2767,921,6,4,209.7
2768,921,294,4,67.28
2769,922,236,1,421.51
2770,922,182,3,171.68
2771,922,17,2,270.98
2772,922,183,3,380.74
2773,923,285,2,288.66
2774,924,293,1,172.08
2775,925,248,3,498.98
2776,925,68,2,165.18
2777,926,267,2,185.94
2778,926,50,4,104.35
2779,926,156,4,466.38
2780,926,252,4,430.51
2781,927,100,4,38.1
2782,927,184,3,41.14
2783,927,263,2,298.41
2784,927,217,1,408.7
2785,927,163,1,188.8
2786,928,197,3,166.56
2787,928,152,3,400.9
2788,929,243,3,122.96
2789,929,229,4,127.79
2790,930,65,3,91.69
2791,930,249,3,295.5
2792,930,113,1,65.48
2793,931,241,3,491.7
2794,932,291,4,337.77
2795,933,293,1,172.08
2796,933,119,2,419.64
2797,934,215,3,67.79
2798,935,218,3,34.5
2799,935,288,2,157.92
2800,935,163,4,188.8
2801,935,296,2,404.88
2802,935,109,1,153.75
2803,936,58,1,186.07
2804,936,77,3,277.6
2805,936,187,1,442.69
2806,937,42,4,248.61
2807,938,192,2,53.7
2808,938,44,4,280.03
2809,938,294,1,67.28
2810,938,8,2,97.95
2811,939,87,1,412.36
2812,940,220,2,38.27
2813,940,266,4,494.04
2814,940,173,3,339.97
2815,940,207,4,286.96
2816,940,152,1,400.9
2817,941,227,2,127.2
2818,941,47,3,348.76
2819,942,183,4,380.74
2820,942,186,2,56.19
2821,943,25,4,348.84
2822,944,179,4,28.96
2823,944,155,2,154.38
2824,944,213,4,375.44
2825,945,203,2,408.97
2826,945,197,4,166.56
2827,946,286,2,51.14
2828,946,159,2,443.16
2829,946,283,1,430.36
2830,947,7,1,169.97
2831,947,57,2,192.44
2832,947,297,3,242.14
2833,948,185,2,68.68
2834,948,89,4,164.26
2835,948,178,3,386.42
2836,948,150,2,17.75
2837,949,96,2,308.98
2838,949,286,4,51.14
2839,949,243,2,122.96
2840,950,134,2,351.06
2841,950,109,1,153.75
2842,950,211,4,381.57
2843,951,267,3,185.94
2844,951,76,1,32.13
2845,951,293,3,172.08
2846,951,273,4,142.34
2847,952,220,3,38.27
2848,952,257,4,374.66
2849,953,270,2,443.42
2850,953,120,3,400.58
2851,954,181,4,223.62
2852,954,42,2,248.61
2853,954,86,4,283.31
2854,954,211,1,381.57
2855,955,257,4,374.66
2856,955,131,3,235.44
2857,955,28,2,166.38
2858,955,281,1,187.2
2859,955,96,3,308.98
2860,956,143,4,277.99
2861,957,6,3,209.7
2862,957,55,4,364.61
2863,957,131,2,235.44
2864,957,166,2,215.51
2865,957,39,1,182.23
2866,958,135,4,438.07
2867,958,116,3,198.65
2868,958,152,1,400.9
2869,958,220,2,38.27
2870,959,261,1,58.92
2871,960,283,3,430.36
2872,960,18,2,202.89
2873,960,105,4,146.3
2874,960,68,3,165.18
2875,961,203,4,408.97
2876,961,15,3,301.89
2877,961,187,2,442.69
2878,961,200,3,258.95
2879,961,156,1,466.38
2880,962,233,1,260.61
2881,963,22,4,7.76
2882,963,104,3,294.86
2883,964,260,3,307.22
2884,964,108,3,276.99
2885,964,20,2,266.77
2886,964,200,4,258.95
2887,964,277,1,178.93
2888,965,122,3,216.57
2889,965,153,1,153.89
2890,966,223,4,410.85
2891,966,174,3,6.05
2892,966,140,1,13.9
2893,966,27,4,228.07
2894,967,283,3,430.36
2895,968,209,4,220.27
2896,968,130,2,281.38
2897,968,59,3,114.22
2898,968,18,2,202.89
2899,968,51,3,87.61
2900,969,149,4,43.18
2901,969,19,4,445.96
2902,970,94,3,112.67
2903,970,11,1,337.55
2904,970,291,2,337.77
2905,970,262,3,306.06
2906,971,146,4,204.96
2907,971,32,4,379.2
2908,972,257,4,374.66
2909,973,110,2,121.76
2910,973,46,1,298.6
2911,974,213,2,375.44
2912,974,118,3,127.24
2913,975,9,3,466.16
2914,975,117,2,451.52
2915,975,276,2,210.77
2916,975,268,1,112.28
2917,975,135,3,438.07
2918,976,3,4,267.35
2919,977,79,1,74.86
2920,977,243,4,122.96
2921,977,190,3,7.24
2922,977,63,1,51.26
2923,978,76,4,32.13
2924,978,194,1,482.79
2925,978,298,3,332.33
2926,978,66,1,419.38
2927,978,80,1,328.91
2928,979,125,4,16.23
2929,979,141,1,327.95
2930,980,72,4,145.83
2931,980,55,2,364.61
2932,980,18,4,202.89
2933,981,109,3,153.75
2934,981,33,1,230.94
2935,981,175,4,254.87
2936,981,245,1,264.26
2937,982,191,4,465.78
2938,982,212,1,462.33
2939,982,225,2,258.06
2940,982,229,4,127.79
2941,982,161,1,172.6
2942,983,269,3,213.28
2943,983,238,3,441.1
2944,983,275,4,199.79
2945,983,145,2,354.38
2946,984,142,4,420.34
2947,984,223,2,410.85
2948,984,119,2,419.64
2949,985,4,4,388.11
2950,985,166,2,215.51
2951,986,70,3,256.04
2952,987,118,4,127.24
2953,988,86,2,283.31
2954,988,180,4,177.93
2955,988,184,2,41.14
2956,988,71,2,269.79
2957,988,118,4,127.24
2958,989,277,2,178.93
2959,989,295,3,48.55
2960,990,216,2,466.65
2961,990,130,2,281.38
2962,990,145,4,354.38
2963,991,246,4,247.81
2964,991,143,1,277.99
2965,991,276,2,210.77
2966,991,202,1,128.55
2967,991,207,1,286.96
2968,992,188,1,297.53
2969,992,101,2,68.3
2970,993,7,1,169.97
2971,993,270,4,443.42
2972,993,41,3,111.52
2973,994,57,1,192.44
2974,994,151,3,186.9
2975,994,199,4,237.93
2976,995,89,3,164.26
2977,995,198,2,80.32
2978,995,157,2,122.4
2979,995,187,1,442.69
2980,996,165,2,136.21
2981,996,12,4,188.73
2982,996,242,1,403.48
2983,996,236,3,421.51
2984,997,69,4,51.48
2985,997,164,2,317.64
2986,997,79,2,74.86
2987,997,150,3,17.75
2988,997,135,4,438.07
2989,998,227,3,127.2
2990,998,142,4,420.34
2991,998,250,4,125.82
2992,999,25,2,348.84
2993,999,70,3,256.04
2994,999,40,2,144.53
2995,1000,154,2,214.36
2996,1000,200,4,258.95
