order_id,customer_id,order_date,total_amount
1,75,2025-02-11,250.12
2,115,2024-01-27,2732.64
3,124,2024-08-21,1698.43
4,155,2024-05-08,1738.44
5,8,2024-05-31,1657.63
6,65,2024-10-05,1031.34
7,107,2024-11-14,4141.12
8,54,2025-08-04,3689.72
9,60,2024-08-31,2372.57
10,133,2024-02-25,2839.58
11,184,2024-09-06,3245.92
12,33,2024-01-04,675.22
13,196,2025-07-31,2791.43
14,30,2025-08-30,250.71
15,152,2024-04-19,1188.01
16,106,2024-01-04,448.44
17,5,2025-01-12,2924.33
18,68,2024-06-05,964.9
19,83,2024-04-03,919.05
20,159,2025-03-05,876.87
21,152,2025-06-18,2213.49
22,88,2025-06-05,1031.4
23,131,2024-12-09,511.98
24,141,2025-10-28,2291.46
25,69,2024-11-06,1397.15
26,52,2024-05-04,559.99
27,35,2025-02-23,3902.45
28,158,2024-02-10,2737.21
29,41,2024-01-27,2037.53
30,81,2024-08-10,3434.03
31,17,2025-06-16,2309.1
32,128,2024-05-21,662.37
33,87,2025-06-10,1750.09
34,116,2024-05-03,2022.04
35,154,2024-07-27,3412.28
36,2,2025-09-08,285.09
37,81,2025-02-18,2737.21
38,108,2024-02-11,638.73
39,143,2024-05-31,3590.37
40,59,2023-12-05,2706.01
41,77,2025-10-17,1709.68
42,99,2024-03-23,119.84
43,146,2024-07-06,5141.64
44,11,2025-05-06,351.7
45,104,2025-05-21,1201.74
46,187,2025-06-11,1682.97
47,25,2024-07-15,3459.1
48,37,2025-11-03,3623.24
49,99,2024-05-21,875.46
50,125,2025-02-23,382.54
51,155,2025-05-29,4595.01
52,78,2024-02-11,967.9
53,15,2024-10-24,2502.52
54,47,2024-01-09,370.92
55,61,2025-07-19,2374.19
56,173,2023-11-17,1766.5
57,198,2025-07-01,2183.36
58,60,2025-07-02,1878.4
59,198,2025-06-26,3591.64
60,51,2024-03-19,247.24
61,85,2024-07-14,1060.95
62,4,2025-01-17,3642.46
63,11,2024-06-25,29.76
64,150,2025-02-17,1150.15
65,128,2023-12-11,4440.45
66,37,2024-01-14,512.21
67,76,2025-02-02,595.0
68,189,2023-12-07,3898.52
69,27,2024-04-05,2104.78
70,23,2025-02-20,1254.61
71,52,2023-12-10,304.51
72,45,2024-03-12,932.12
73,14,2025-01-21,4422.44
74,163,2025-07-17,821.86
75,159,2025-06-06,3314.96
76,83,2024-03-03,1524.63
77,17,2025-07-08,1450.47
78,160,2025-07-29,4918.74
79,85,2025-03-09,5548.44
80,91,2024-08-15,3119.98
81,92,2024-04-27,337.8
82,37,2024-10-11,2780.31
83,160,2024-10-08,2495.78
84,160,2024-04-02,2235.41
85,143,2024-03-12,3934.97
86,51,2024-11-03,3453.19
87,199,2025-04-08,308.99
88,31,2024-01-12,1112.4
89,57,2025-08-24,1838.51
90,86,2025-11-02,801.46
91,183,2024-11-21,922.77
92,17,2023-12-30,2020.21
93,139,2024-11-28,2911.53
94,155,2024-08-27,781.52
95,115,2024-09-24,464.16
96,137,2025-09-29,67.32
97,42,2024-01-03,71.22
98,133,2024-11-14,465.4
99,68,2025-02-16,1339.45
100,84,2025-10-15,1207.11
101,199,2025-04-21,3315.61
102,56,2025-07-16,3531.6
103,110,2025-09-30,2198.9
104,140,2024-01-16,2067.72
105,182,2024-03-17,324.67
106,193,2025-03-07,1851.8
107,170,2024-04-20,58.25
108,138,2025-07-09,1409.25
109,85,2025-04-06,3360.5
110,72,2023-11-20,2832.3
111,72,2025-07-23,1380.0
112,55,2024-11-11,836.95
113,3,2024-04-20,1382.4
114,186,2025-11-04,1912.23
115,145,2025-02-08,271.64
116,125,2024-09-18,814.86
117,45,2024-06-25,1719.21
118,126,2025-05-19,304.51
119,11,2024-11-25,3537.37
120,65,2024-01-28,3024.41
121,118,2025-10-04,2395.8
122,60,2025-06-10,2524.78
123,139,2025-02-11,2023.54
124,39,2025-01-14,917.66
125,155,2023-12-09,2288.76
126,182,2024-07-18,2330.34
127,1,2024-04-03,912.74
128,43,2024-06-29,995.3
129,56,2025-11-12,1406.96
130,65,2023-12-27,737.72
131,102,2025-11-04,345.6
132,94,2024-07-07,3519.3
133,7,2023-12-31,1013.34
134,96,2025-09-15,224.14
135,38,2025-05-31,7.29
136,174,2024-06-11,2309.68
137,96,2024-01-10,872.34
138,8,2024-03-03,1067.58
139,67,2024-11-05,365.76
140,93,2023-12-11,5224.56
141,82,2025-05-02,2899.41
142,141,2025-10-15,1227.61
143,110,2025-05-03,1357.67
144,180,2024-07-08,2341.18
145,76,2024-04-09,3699.81
146,89,2025-08-31,3031.75
147,40,2025-06-23,621.22
148,104,2025-01-06,1811.76
149,39,2024-06-24,558.51
150,120,2025-10-04,3662.44
151,19,2025-07-13,353.67
152,48,2025-08-26,1094.45
153,168,2024-07-15,3036.62
154,47,2024-05-03,826.69
155,136,2025-07-27,703.86
156,107,2025-09-02,499.74
157,109,2024-10-30,608.16
158,69,2025-04-27,2468.58
159,90,2024-07-31,5177.98
160,192,2025-08-24,2331.32
161,176,2024-07-08,928.98
162,186,2024-04-20,2357.45
163,17,2024-01-27,4563.38
164,96,2025-04-05,3880.03
165,93,2024-04-29,2225.22
166,127,2023-12-11,4691.78
167,153,2025-04-11,133.29
168,24,2024-09-21,4361.96
169,189,2024-09-10,944.42
170,161,2024-09-18,3181.06
171,154,2024-07-21,762.48
172,196,2024-01-13,1110.23
173,21,2025-10-14,3010.81
174,61,2025-07-29,2090.42
175,34,2024-09-24,1520.04
176,28,2024-03-05,3690.66
177,23,2024-11-15,1585.96
178,110,2024-04-08,350.69
179,128,2023-11-24,1094.15
180,51,2025-09-22,2195.25
181,94,2024-03-02,788.04
182,113,2024-08-27,197.51
183,33,2024-06-15,4195.0
184,66,2024-07-22,2486.08
185,98,2025-04-30,2040.8
186,6,2024-08-01,3958.77
187,70,2024-01-21,2694.71
188,126,2025-06-28,3114.76
189,160,2025-01-19,563.04
190,35,2025-09-24,1815.1
191,54,2025-03-23,1144.85
192,59,2024-11-04,448.28
193,148,2025-06-28,1959.44
194,161,2024-11-10,450.37
195,186,2023-12-22,1798.83
196,146,2025-03-30,2460.98
197,153,2024-09-30,4636.45
198,104,2025-09-03,191.67
199,141,2025-10-09,1767.71
200,88,2024-06-06,3258.18
201,167,2025-06-05,2355.54
202,154,2024-03-03,2804.92
203,140,2025-04-20,3055.47
204,92,2025-03-13,1449.74
205,44,2024-01-28,2063.72
206,171,2025-03-16,220.14
207,79,2024-10-24,2959.38
208,100,2025-09-18,3768.49
209,133,2025-10-12,1797.56
210,173,2024-07-28,925.24
211,200,2024-05-10,2351.37
212,187,2024-02-20,2632.24
213,17,2024-10-22,2061.56
214,34,2025-01-22,945.64
215,12,2024-11-13,2831.81
216,52,2024-04-12,4175.95
217,27,2024-05-01,140.03
218,93,2025-07-02,4825.43
219,123,2024-09-25,2889.72
220,14,2025-08-12,96.39
221,13,2025-06-07,5067.76
222,166,2023-12-09,3062.95
223,29,2024-01-31,1153.06
224,171,2024-03-07,2800.5
225,178,2025-03-21,154.82
226,179,2024-06-18,2480.85
227,187,2024-03-01,1959.69
228,115,2024-07-06,3355.83
229,12,2024-10-21,2222.21
230,108,2024-02-05,2225.3
231,123,2025-04-06,1615.36
232,63,2025-02-03,728.04
233,171,2025-01-18,2247.3
234,34,2025-07-05,2752.02
235,88,2025-08-27,1741.5
236,160,2024-11-14,654.01
237,102,2024-04-28,1278.57
238,114,2024-09-06,1745.21
239,54,2025-02-05,439.95
240,110,2024-02-18,1569.4
241,196,2025-07-30,5184.14
242,191,2025-09-15,1370.16
243,135,2025-08-30,4195.58
244,175,2024-07-27,1106.48
245,70,2024-11-15,364.02
246,80,2024-09-07,3201.48
247,118,2025-01-27,4133.62
248,125,2024-05-15,2023.94
249,75,2025-11-07,3354.86
250,69,2024-01-12,1555.7
251,159,2024-11-20,2699.8
252,111,2025-01-07,1586.66
253,27,2024-11-14,1115.34
254,143,2024-04-15,893.0
255,170,2024-08-08,1090.48
256,158,2024-09-02,1290.72
257,124,2025-10-14,140.03
258,168,2024-04-22,1841.85
259,143,2024-01-11,2401.26
260,130,2025-10-15,1655.52
261,135,2024-07-08,604.06
262,153,2023-11-14,5124.34
263,52,2025-11-05,679.13
264,72,2023-11-16,1340.19
265,52,2024-02-19,2307.22
266,145,2024-06-07,1131.96
267,21,2025-06-21,803.24
268,169,2024-02-29,3549.08
269,53,2024-10-18,2013.85
270,98,2025-08-25,1757.02
271,174,2025-08-04,853.61
272,162,2024-06-22,3948.13
273,154,2024-01-16,27.74
274,133,2024-06-18,617.79
275,192,2024-10-18,2006.9
276,182,2025-09-22,771.04
277,170,2024-05-14,928.73
278,100,2025-11-13,1456.6
279,145,2025-06-11,2860.38
280,66,2024-04-12,6125.55
281,2,2025-06-05,1177.16
282,8,2025-03-27,2134.47
283,62,2024-11-01,1972.51
284,151,2024-08-07,2015.35
285,107,2025-01-09,724.72
286,200,2024-11-22,307.44
287,93,2024-01-11,1144.7
288,30,2025-06-20,2177.7
289,88,2025-04-08,1883.81
290,194,2023-11-29,4469.45
291,195,2025-04-19,26.83
292,92,2025-01-06,1178.15
293,52,2024-09-29,1256.14
294,41,2025-10-21,1441.37
295,148,2025-06-21,1744.24
296,131,2024-06-26,2044.83
297,46,2025-10-20,2333.02
298,200,2025-04-26,97.46
299,158,2025-05-12,415.29
300,129,2024-09-12,1880.11
301,111,2024-05-30,2669.84
302,166,2024-07-08,855.23
303,5,2023-12-03,1602.96
304,111,2024-12-18,3894.89
305,61,2024-12-27,1838.77
306,153,2023-11-29,696.24
307,125,2025-04-21,2203.31
308,71,2025-05-01,771.19
309,49,2024-09-06,4224.33
310,149,2024-10-03,634.04
311,32,2024-03-13,2492.85
312,10,2025-05-06,664.49
313,40,2024-11-18,3947.71
314,89,2025-04-30,932.16
315,11,2024-05-09,5168.96
316,6,2024-01-22,627.4
317,145,2024-01-13,649.75
318,92,2025-03-20,18.32
319,109,2025-05-28,1085.79
320,135,2024-09-25,1872.64
321,65,2025-06-13,1089.28
322,45,2024-07-05,1948.09
323,114,2024-08-17,2175.83
324,79,2025-01-20,604.12
325,179,2025-06-01,759.36
326,159,2023-12-21,1520.72
327,114,2025-10-12,768.24
328,170,2025-08-30,2661.6
329,101,2025-11-07,2782.99
330,71,2025-04-24,2662.51
331,49,2024-07-01,893.28
332,45,2025-08-18,1867.53
333,183,2024-11-11,1760.73
334,163,2025-03-29,5445.97
335,141,2023-12-03,814.86
336,36,2024-04-20,930.53
337,144,2025-10-23,736.9
338,140,2024-08-15,409.73
339,190,2023-12-09,140.03
340,99,2024-11-12,369.42
341,30,2023-11-25,4576.33
342,131,2025-06-01,1701.62
343,166,2024-10-12,130.08
344,62,2025-10-15,1526.67
345,136,2025-04-13,4194.41
346,18,2024-06-06,2042.73
347,157,2024-05-27,2202.8
348,180,2025-04-21,1084.34
349,156,2025-04-19,1611.29
350,107,2025-04-26,5870.11
351,61,2025-10-31,3502.64
352,157,2024-08-23,27.74
353,139,2025-06-28,908.28
354,161,2025-08-09,1545.28
355,123,2025-04-16,4075.39
356,189,2024-12-19,1069.28
357,5,2025-09-19,163.15
358,188,2024-12-21,1016.76
359,177,2023-12-19,2895.32
360,188,2024-12-05,973.72
361,12,2025-08-20,2051.62
362,115,2025-11-01,1631.06
363,135,2024-11-24,2835.5
364,175,2025-05-01,3036.86
365,78,2024-02-08,100.71
366,174,2025-08-16,465.43
367,5,2023-12-01,1924.12
368,32,2025-06-19,876.87
369,97,2024-01-25,1367.8
370,45,2024-03-30,1546.08
371,99,2024-01-11,1313.23
372,29,2025-09-16,70.13
373,14,2024-11-13,1938.72
374,81,2024-03-08,2168.29
375,36,2025-09-25,727.58
376,5,2025-10-07,3039.64
377,75,2024-09-28,936.73
378,150,2024-01-06,1657.23
379,27,2025-10-07,190.52
380,67,2025-02-19,119.84
381,157,2024-07-30,1146.21
382,128,2025-09-29,611.56
383,31,2025-03-26,1222.24
384,142,2025-04-03,540.51
385,51,2025-10-03,2468.06
386,88,2024-03-22,2132.45
387,174,2025-04-15,4282.03
388,17,2024-09-06,1025.96
389,118,2024-04-22,1530.61
390,5,2024-06-06,1545.05
391,132,2025-04-16,1965.27
392,177,2024-01-20,1781.02
393,13,2024-03-13,2208.03
394,64,2025-07-20,1657.29
395,21,2025-09-10,769.81
396,140,2024-10-24,720.68
397,100,2024-02-21,1153.6
398,163,2025-08-15,1846.32
399,78,2023-12-08,2553.88
400,39,2024-08-01,2254.6
401,79,2024-08-23,1634.88
402,167,2024-03-27,2020.65
403,82,2025-10-04,2319.96
404,4,2024-12-29,1066.48
405,8,2025-05-31,135.82
406,127,2024-08-03,1414.09
407,102,2025-04-08,2839.66
408,81,2024-03-23,50.32
409,33,2025-05-17,2962.42
410,149,2025-09-27,1325.83
411,64,2023-11-28,3591.41
412,169,2024-05-31,845.36
413,119,2024-02-16,633.94
414,153,2025-10-25,1061.18
415,58,2024-05-21,1519.01
416,77,2025-03-20,1792.01
417,94,2025-05-17,1383.74
418,199,2023-11-25,269.57
419,191,2024-03-12,1545.08
420,151,2024-04-10,855.27
421,127,2024-06-22,276.12
422,14,2024-11-03,705.94
423,80,2025-09-23,688.56
424,55,2025-01-05,1092.73
425,80,2025-02-22,1929.45
426,131,2025-10-02,321.3
427,67,2024-05-07,5460.91
428,64,2024-02-17,1793.3
429,21,2024-04-09,781.52
430,34,2025-05-06,1913.55
431,76,2024-05-10,1233.95
432,173,2025-09-12,3306.31
433,190,2025-07-30,3038.18
434,126,2025-06-10,2729.37
435,143,2025-03-30,2859.75
436,190,2025-11-13,1529.28
437,106,2024-01-18,2414.79
438,80,2024-09-03,1479.16
439,51,2025-01-27,1468.92
440,130,2025-07-13,890.64
441,91,2024-11-11,1293.83
442,104,2025-05-18,2206.8
443,180,2024-10-13,3320.62
444,179,2023-12-22,1007.16
445,167,2024-04-26,2200.2
446,98,2024-06-21,1072.2
447,50,2024-06-17,3074.42
448,77,2025-01-31,1567.09
449,83,2024-03-31,1583.51
450,126,2024-11-10,1390.65
451,119,2024-07-19,3546.64
452,60,2024-10-11,1134.22
453,179,2025-07-25,701.51
454,157,2025-02-10,2619.63
455,168,2024-04-19,534.96
456,184,2024-09-10,371.3
457,101,2024-08-29,4190.27
458,171,2024-01-18,1268.08
459,77,2024-11-13,891.61
460,97,2024-12-15,1156.91
461,186,2024-06-24,2446.94
462,122,2024-11-15,4924.55
463,192,2025-03-13,1659.97
464,175,2024-08-14,1190.26
465,139,2024-07-18,233.22
466,16,2024-08-25,258.94
467,25,2024-12-09,3142.96
468,90,2025-02-28,4733.73
469,91,2025-08-03,4028.57
470,81,2025-10-09,2944.9
471,7,2024-02-15,2638.49
472,68,2025-02-25,704.17
473,88,2025-02-24,1388.24
474,33,2024-03-15,1700.4
475,25,2025-05-15,3583.25
476,40,2025-06-05,224.2
477,72,2025-09-28,2797.86
478,59,2025-09-24,2313.88
479,77,2024-11-25,4923.35
480,109,2025-04-30,3335.93
481,80,2024-07-08,4483.67
482,159,2025-10-10,2348.68
483,28,2024-12-05,3142.3
484,104,2025-04-09,4261.99
485,19,2024-03-15,2182.19
486,87,2024-12-14,1569.94
487,60,2025-09-16,1246.59
488,30,2024-07-20,3630.38
489,24,2025-02-20,4026.67
490,105,2025-06-30,374.63
491,45,2023-11-14,3959.78
492,131,2024-09-16,666.32
493,86,2024-11-23,2372.6
494,95,2024-01-09,2401.7
495,76,2024-03-25,3133.45
496,194,2024-11-19,3694.26
497,172,2024-01-09,1560.49
498,16,2024-07-30,2024.03
499,196,2025-02-04,4770.77
500,50,2023-11-26,469.6
501,86,2024-01-20,1451.01
502,150,2023-12-21,2763.55
503,64,2024-02-29,2246.21
504,91,2025-09-09,367.34
505,113,2025-01-26,1672.38
506,105,2024-07-24,4252.03
507,111,2024-06-03,1302.36
508,165,2025-06-27,424.8
509,39,2024-04-30,4006.15
510,96,2024-08-24,2123.26
511,129,2025-08-28,2411.37
512,99,2024-02-19,3991.73
513,82,2024-06-04,2639.69
514,62,2024-04-04,595.94
515,109,2024-04-30,1167.92
516,24,2024-06-21,1149.12
517,185,2025-05-22,4060.2
518,47,2024-10-23,3879.82
519,176,2023-11-17,3618.09
520,102,2024-08-01,5740.25
521,49,2024-04-10,1747.44
522,75,2024-06-01,2628.32
523,50,2025-06-17,1169.87
524,153,2024-07-25,1965.6
525,5,2024-04-26,739.04
526,199,2024-05-25,367.16
527,73,2024-06-24,1900.01
528,55,2024-01-31,2435.65
529,188,2025-05-11,1197.76
530,96,2024-11-03,158.33
531,126,2024-01-10,1007.84
532,164,2024-09-13,87.34
533,27,2025-03-06,820.42
534,58,2025-05-12,1825.6
535,114,2025-10-28,583.67
536,85,2024-08-16,605.92
537,112,2025-03-04,2511.93
538,69,2024-07-26,2231.19
539,82,2024-04-08,1554.05
540,8,2024-01-18,4712.51
541,65,2024-02-06,299.34
542,114,2025-10-04,1220.22
543,83,2024-05-30,1381.6
544,149,2025-08-03,2226.1
545,164,2024-11-12,2667.56
546,87,2024-03-28,1662.3
547,69,2024-01-24,1147.53
548,145,2024-06-07,883.3
549,186,2025-01-13,2128.34
550,39,2025-07-25,2808.59
551,67,2024-03-08,699.82
552,21,2024-08-18,291.97
553,133,2024-05-06,3179.0
554,61,2024-12-12,2673.55
555,121,2024-04-20,478.35
556,179,2025-01-28,1030.66
557,19,2024-12-25,2172.22
558,81,2024-07-01,17.93
559,185,2025-05-23,2965.45
560,55,2024-03-13,1039.18
561,186,2024-06-29,1685.88
562,24,2023-12-02,2608.75
563,168,2025-03-19,2199.32
564,115,2025-06-23,3591.46
565,149,2024-10-29,1640.9
566,53,2025-11-05,1658.51
567,68,2024-10-10,1591.02
568,155,2025-03-30,1230.36
569,145,2024-11-12,802.31
570,169,2024-05-23,4522.06
571,12,2025-03-15,368.56
572,74,2024-06-18,3511.94
573,110,2024-12-16,2838.96
574,151,2024-08-12,2165.69
575,161,2025-10-18,4827.04
576,22,2024-10-15,3642.26
577,26,2025-04-29,3028.03
578,59,2025-09-01,576.87
579,123,2024-01-16,3922.41
580,137,2024-09-24,3587.16
581,78,2024-02-04,3113.68
582,24,2025-11-12,1957.46
583,1,2024-02-02,2075.26
584,70,2025-10-05,2548.28
585,22,2024-07-31,1866.43
586,63,2024-05-19,2692.3
587,120,2025-10-30,361.33
588,120,2025-03-10,1539.68
589,198,2024-01-10,296.88
590,123,2025-05-04,401.73
591,65,2024-04-09,2249.45
592,34,2023-12-24,2113.55
593,36,2025-02-01,1078.3
594,182,2024-11-06,1429.6
595,42,2025-01-05,2293.58
596,191,2025-02-10,2294.4
597,55,2024-01-14,3601.75
598,184,2024-09-30,37.29
599,39,2025-03-21,2311.2
600,170,2024-10-30,1456.96
601,65,2025-01-31,3674.54
602,166,2025-09-19,885.26
603,91,2024-05-11,2602.89
604,33,2025-07-15,3193.45
605,130,2024-02-10,133.44
606,41,2024-02-19,1553.12
607,181,2023-11-17,483.26
608,12,2024-11-03,3608.95
609,148,2024-05-20,1167.36
610,128,2025-04-07,807.48
611,34,2024-10-21,1237.11
612,194,2024-03-23,1013.34
613,2,2024-02-17,474.99
614,199,2025-03-03,1477.64
615,72,2023-12-04,67.96
616,46,2024-07-04,4209.29
617,17,2024-10-08,3040.75
618,193,2025-05-31,1639.72
619,80,2024-02-21,3675.06
620,196,2025-05-21,1605.13
621,7,2025-08-12,217.86
622,62,2025-10-25,4460.46
623,36,2025-05-14,508.38
624,133,2024-11-07,1675.4
625,91,2024-07-14,3323.33
626,190,2024-06-19,1903.51
627,161,2025-01-31,752.61
628,55,2024-10-07,2783.0
629,103,2025-03-24,2843.13
630,194,2025-03-22,4144.57
631,78,2024-12-03,338.04
632,38,2025-01-02,1775.64
633,128,2024-11-01,709.52
634,27,2024-06-05,2688.68
635,20,2024-12-10,4471.34
636,54,2025-07-26,2582.68
637,185,2025-04-23,3670.6
638,17,2025-04-02,1547.2
639,99,2024-06-02,2726.56
640,140,2024-12-22,480.56
641,191,2025-04-17,3506.07
642,143,2024-08-03,1874.95
643,66,2025-01-21,1511.03
644,38,2025-08-29,1708.51
645,155,2024-10-04,808.98
646,127,2024-10-14,1383.61
647,171,2025-10-07,303.82
648,173,2025-07-22,4080.44
649,109,2024-06-14,2862.23
650,182,2025-09-23,957.4
651,89,2024-05-29,611.34
652,177,2024-08-31,3885.76
653,173,2024-02-08,2705.35
654,149,2024-12-21,3082.36
655,154,2025-08-18,1282.5
656,122,2024-07-16,1220.28
657,19,2024-03-10,1530.17
658,141,2024-03-14,2780.94
659,120,2025-03-01,541.33
660,144,2024-08-04,3110.93
661,63,2025-10-29,1788.76
662,53,2024-12-06,3450.11
663,63,2025-05-16,439.95
664,76,2025-10-08,511.44
665,129,2024-10-05,2060.8
666,110,2025-04-30,1208.44
667,83,2025-06-21,2260.74
668,44,2025-07-28,1242.84
669,191,2024-11-25,2954.24
670,94,2024-11-27,4285.28
671,71,2025-04-19,918.02
672,118,2025-08-18,3296.8
673,66,2024-03-07,492.59
674,176,2024-08-02,691.2
675,34,2024-03-21,2933.42
676,9,2025-01-20,2258.02
677,191,2025-01-12,2104.74
678,96,2024-11-13,769.04
679,148,2025-04-26,87.34
680,124,2024-11-22,2147.52
681,26,2024-01-19,1021.39
682,56,2024-06-19,1437.33
683,51,2024-10-17,1155.24
684,84,2023-12-30,264.31
685,67,2025-07-29,612.7
686,45,2023-12-09,1719.86
687,130,2024-02-27,1424.63
688,121,2024-03-26,1907.64
689,172,2025-04-29,1723.62
690,155,2024-01-22,1365.32
691,113,2025-02-05,658.22
692,193,2025-07-06,2678.39
693,39,2025-10-14,1333.28
694,149,2024-06-11,4396.05
695,138,2025-04-05,1570.96
696,99,2024-12-22,323.52
697,104,2023-11-14,267.14
698,52,2025-01-05,512.94
699,146,2025-01-26,677.97
700,9,2025-01-14,1017.34
701,33,2025-09-20,1688.45
702,75,2023-12-22,1722.21
703,177,2024-10-07,3286.34
704,55,2025-10-19,1259.21
705,12,2023-12-15,7.29
706,123,2024-02-15,6287.57
707,19,2024-10-29,4178.35
708,6,2025-03-13,3792.91
709,120,2024-08-03,2864.25
710,45,2023-12-10,101.02
711,135,2025-09-30,2636.21
712,120,2024-07-18,995.88
713,192,2025-01-31,507.45
714,167,2024-11-04,1305.62
715,19,2023-12-11,2546.66
716,59,2025-05-12,1833.95
717,76,2024-06-18,766.68
718,96,2024-10-05,1848.16
719,113,2025-11-04,1583.96
720,171,2024-09-21,802.41
721,75,2024-10-20,4124.47
722,151,2024-09-02,4082.22
723,65,2025-03-20,4613.94
724,41,2024-11-21,1052.04
725,169,2024-02-13,209.9
726,79,2025-04-21,1532.62
727,46,2025-09-24,146.65
728,97,2025-03-04,581.18
729,64,2024-06-28,2092.92
730,143,2024-01-05,849.67
731,152,2025-08-17,348.73
732,183,2025-08-26,217.86
733,146,2024-11-26,2393.01
734,134,2025-07-26,1495.95
735,64,2024-03-15,2152.5
736,188,2024-04-01,1682.58
737,81,2024-02-26,500.24
738,129,2024-01-08,2512.0
739,190,2024-05-26,513.04
740,18,2024-09-09,2205.54
741,154,2025-03-21,1590.44
742,48,2025-11-05,2636.94
743,45,2025-06-20,1210.3
744,140,2024-09-06,2114.77
745,155,2025-03-10,1427.49
746,138,2024-10-30,2021.69
747,53,2025-10-09,3127.13
748,163,2025-10-06,2363.35
749,42,2024-10-21,1310.98
750,200,2024-05-19,3407.09
751,63,2024-08-28,967.6
752,164,2025-08-23,536.48
753,83,2025-08-06,2392.08
754,167,2024-09-19,55.48
755,124,2024-05-18,4232.48
756,92,2024-06-29,1013.08
757,181,2024-10-29,2328.57
758,138,2024-01-15,2243.62
759,11,2024-05-31,184.05
760,60,2024-09-22,812.66
761,32,2025-09-09,309.99
762,64,2024-05-16,230.58
763,136,2025-06-16,3508.89
764,126,2024-04-21,2659.8
765,114,2023-11-26,1856.68
766,21,2025-03-30,418.42
767,67,2025-09-15,573.5
768,7,2025-02-03,816.84
769,60,2025-02-12,1341.76
770,100,2024-08-13,3194.79
771,29,2024-04-27,2984.85
772,14,2024-05-04,2169.71
773,90,2025-02-08,917.96
774,140,2025-09-08,1474.86
775,88,2025-04-25,182.88
776,114,2024-12-19,917.01
777,165,2024-09-11,1019.02
778,6,2024-01-23,2366.68
779,1,2025-06-25,1291.02
780,168,2025-06-09,2971.75
781,68,2024-01-25,1936.64
782,166,2024-06-30,1143.54
783,129,2025-07-30,593.5
784,138,2025-06-01,2099.49
785,44,2025-05-14,2416.54
786,174,2024-10-28,1083.49
787,63,2024-09-03,3568.02
788,121,2024-09-11,2814.16
789,112,2023-12-28,5358.07
790,95,2025-04-20,1250.75
791,14,2024-06-15,1090.48
792,166,2025-05-22,1965.38
793,23,2024-07-28,1067.34
794,14,2024-05-01,837.89
795,86,2025-10-06,2577.07
796,2,2023-12-06,1654.44
797,22,2025-03-15,3019.98
798,44,2025-09-14,1686.08
799,11,2025-05-30,1789.7
800,29,2024-08-20,1991.94
801,106,2024-09-30,2208.31
802,141,2023-11-21,564.18
803,92,2024-08-28,1210.94
804,134,2025-10-27,1845.67
805,58,2025-02-27,1392.58
806,174,2024-12-06,3458.66
807,9,2025-09-11,2643.65
808,103,2025-07-28,49.72
809,16,2024-01-31,1670.27
810,151,2024-04-08,2307.98
811,87,2025-09-19,930.73
812,60,2024-03-27,2670.88
813,48,2025-04-21,704.98
814,180,2024-05-06,1237.12
815,52,2024-02-06,2174.39
816,7,2025-02-13,254.43
817,60,2024-04-06,1337.68
818,116,2025-07-11,1305.65
819,15,2025-04-14,3302.2
820,111,2023-11-21,2429.41
821,36,2024-12-25,3550.59
822,193,2024-05-10,2829.01
823,200,2024-12-29,1718.31
824,3,2024-05-26,827.28
825,198,2025-10-26,610.65
826,167,2024-11-20,3345.14
827,169,2024-08-23,107.68
828,5,2024-04-18,3543.55
829,21,2025-07-21,329.2
830,152,2025-06-29,1814.66
831,114,2024-07-23,2952.94
832,31,2025-05-25,2468.16
833,38,2024-07-01,1213.47
834,125,2024-03-24,5070.77
835,86,2025-03-19,1986.14
836,187,2025-01-27,3251.89
837,30,2023-12-07,2167.48
838,34,2023-12-14,4283.43
839,191,2023-11-26,2907.54
840,19,2024-03-21,2689.22
841,185,2025-08-27,2515.63
842,90,2025-09-29,1002.84
843,7,2024-12-03,766.66
844,100,2024-01-28,3306.77
845,69,2024-07-22,2918.49
846,74,2024-09-02,768.85
847,118,2024-02-17,1345.53
848,100,2023-12-28,314.17
849,182,2024-10-04,982.96
850,167,2024-02-14,2858.41
851,167,2024-05-17,2318.14
852,129,2025-03-05,809.56
853,21,2024-12-27,1212.61
854,96,2025-03-31,1654.19
855,67,2025-10-19,1090.66
856,178,2024-07-07,3301.41
857,106,2024-04-12,3970.03
858,146,2024-08-14,1240.92
859,143,2025-06-08,657.28
860,187,2025-01-30,1355.67
861,102,2024-01-10,2550.62
862,129,2025-09-18,420.92
863,151,2025-10-23,902.33
864,186,2024-11-06,3341.35
865,185,2025-02-08,2153.5
866,84,2024-02-29,3488.21
867,101,2024-01-21,2368.25
868,159,2024-08-14,2132.22
869,41,2025-04-06,2388.04
870,137,2023-11-15,893.68
871,26,2025-03-29,874.77
872,46,2024-04-14,899.2
873,140,2024-03-25,3018.87
874,97,2024-09-09,1363.66
875,19,2024-12-04,2017.35
876,136,2024-06-27,469.68
877,18,2024-11-18,1261.13
878,79,2024-07-22,1972.65
879,75,2025-06-04,510.8
880,54,2024-09-29,1950.54
881,173,2024-05-31,634.32
882,59,2025-03-22,407.78
883,92,2024-04-13,2158.8
884,182,2025-04-21,3942.34
885,125,2024-03-04,1679.0
886,106,2025-07-07,1849.62
887,45,2024-07-10,1761.87
888,114,2024-09-01,1390.24
889,90,2024-03-11,252.42
890,126,2025-04-26,4204.18
891,87,2025-03-26,1957.07
892,131,2025-05-28,2090.89
893,80,2024-07-15,596.42
894,187,2025-06-17,2816.14
895,161,2025-06-15,112.07
896,10,2024-06-29,4763.4
897,72,2025-02-04,1034.11
898,90,2025-02-28,1169.69
899,149,2024-09-02,819.46
900,91,2024-02-17,3306.67
901,138,2024-11-14,962.7
902,4,2024-02-19,1574.37
903,75,2024-06-06,2212.73
904,193,2024-10-20,3432.97
905,10,2024-06-11,1849.49
906,66,2024-11-03,3336.5
907,85,2025-10-15,4323.12
908,164,2025-06-22,1126.29
909,117,2024-09-24,3224.9
910,180,2024-05-19,2260.83
911,156,2024-10-29,5096.67
912,141,2024-03-23,1803.3
913,25,2024-04-28,583.41
914,128,2024-01-29,654.63
915,128,2025-10-26,930.62
916,150,2025-03-21,1859.09
917,93,2024-02-12,2637.12
918,8,2024-12-12,402.84
919,196,2024-10-08,2702.22
920,101,2025-03-09,267.32
921,51,2024-09-25,4603.54
922,127,2024-01-19,2981.72
923,14,2023-11-22,3166.84
924,156,2024-10-29,629.48
925,188,2025-10-09,3349.07
926,170,2024-09-26,2852.62
927,11,2025-03-07,1939.27
928,166,2024-01-08,1337.88
929,6,2024-03-19,2184.15
930,165,2024-11-16,2050.3
931,13,2025-01-27,875.44
932,187,2024-07-04,913.45
933,34,2024-08-06,1494.06
934,107,2025-01-01,182.88
935,8,2024-04-21,1127.4
936,136,2023-12-17,2914.78
937,88,2024-05-26,2826.12
938,112,2025-03-15,1813.77
939,75,2025-08-11,2025.83
940,142,2024-09-14,4054.37
941,140,2024-09-01,987.33
942,7,2025-02-04,2550.14
943,47,2025-07-02,467.97
944,7,2024-05-13,2446.31
945,30,2024-09-06,1902.02
946,34,2024-03-06,3627.56
947,110,2025-07-05,671.82
948,45,2023-12-03,3814.75
949,200,2024-09-18,1979.04
950,175,2025-06-08,2903.74
951,185,2025-02-19,2162.43
952,186,2024-06-11,1222.29
953,132,2025-01-26,2486.96
954,27,2025-09-11,1418.93
955,200,2025-02-25,1381.38
956,191,2025-05-11,1651.64
957,122,2025-02-19,4604.01
958,121,2024-03-30,3054.24
959,195,2024-08-14,1013.67
960,200,2025-04-19,3837.29
961,176,2024-03-24,3406.0
962,74,2025-02-26,424.8
963,88,2025-07-14,400.71
964,183,2025-10-27,1158.08
965,49,2024-10-04,3235.05
966,133,2025-07-14,430.71
967,100,2025-03-05,4449.17
968,168,2024-05-17,1533.44
969,157,2024-02-28,3822.36
970,56,2024-10-17,1599.22
971,121,2025-03-12,3112.39
972,10,2025-05-26,1658.58
973,90,2025-09-12,280.24
974,40,2025-09-08,2603.14
975,142,2024-12-02,937.77
976,87,2025-04-16,3881.16
977,182,2024-01-07,3156.5
978,152,2024-07-07,2178.98
979,163,2025-04-25,420.36
980,26,2024-07-11,981.54
981,163,2023-12-28,2466.18
982,68,2025-05-08,3249.64
983,176,2025-08-21,54.96
984,110,2025-06-11,1850.64
985,11,2025-09-01,132.48
986,94,2023-12-03,5880.39
987,62,2025-05-13,1993.0
988,19,2025-08-29,1868.37
989,65,2024-12-23,1072.2
990,176,2025-01-30,4341.28
991,38,2025-08-05,1996.9
992,10,2024-02-16,1057.24
993,25,2024-02-29,120.72
994,117,2024-04-17,2554.59
995,116,2024-09-06,2222.54
996,131,2025-04-01,1373.22
997,156,2025-05-18,401.9
998,55,2024-05-17,721.79
999,111,2025-10-29,3368.17
1000,152,2024-07-13,3886.48
