product_id,name,category_id,price
1,Focus Issue,7,350.69
2,May Mouth,15,446.5
3,Cause Near,7,166.58
4,Field Subject,4,187.68
5,Both Write,5,140.03
6,Plan Discussion,7,434.61
7,Because Night,2,7.29
8,Buy Try,4,20.61
9,Here But,4,133.91
10,Player Long,10,404.49
11,Father Hope,9,445.65
12,Often Law,13,226.43
13,Approach Politics,9,102.84
14,Thank Question,5,81.0
15,Fact Few,8,329.57
16,Hold Past,5,305.67
17,Family Interest,11,290.41
18,Food Responsibility,2,112.07
19,Ten Establish,19,209.21
20,Lead Contain,6,189.84
21,Work Soldier,15,472.79
22,Leave Leader,14,155.35
23,Occur Still,15,312.59
24,Task Wait,2,489.49
25,Employee Pay,3,254.43
26,Guy Itself,12,441.62
27,North Man,4,285.09
28,Food Voice,5,28.77
29,Possible Bring,3,267.32
30,Author Indicate,20,420.92
31,Effect Character,7,22.44
32,Teacher Commercial,6,316.23
33,Local Population,10,386.0
34,Cultural White,11,20.86
35,Join Woman,4,29.96
36,Camera Prove,11,416.65
37,Indicate Value,13,296.88
38,Girl Pattern,3,182.01
39,Form Pull,4,20.84
40,Success Family,1,389.12
41,Traditional Image,1,254.19
42,Tv Enter,4,442.16
43,Bad Cultural,20,495.01
44,Remember That,2,60.36
45,Keep Response,8,297.97
46,Like Professor,9,159.21
47,Recently Anyone,9,142.72
48,Drug Scientist,16,31.37
49,Really However,17,344.28
50,Scientist Show,13,310.72
51,Attention Local,7,27.74
52,Call Affect,18,497.65
53,Certainly Arrive,2,191.27
54,School Ball,8,192.76
55,Result Bad,9,397.85
56,Hit Clear,4,61.81
57,Leg Difficult,15,407.43
58,Green Information,16,479.63
59,Involve Rule,9,56.05
60,Discover Business,10,166.65
61,Actually List,6,272.62
62,Stage Bit,5,180.17
63,Describe Little,17,24.21
64,Bank Area,18,274.98
65,Benefit Real,4,488.07
66,Space Practice,7,27.28
67,Actually Difficult,19,100.71
68,Church Huge,5,135.82
69,Blue Answer,7,70.13
70,Student Democrat,20,449.78
71,Party Example,10,84.14
72,Agree That,19,456.83
73,Establish Movie,12,421.52
74,Full Camera,18,91.44
75,Air Ability,2,463.55
76,Director Standard,14,48.55
77,Represent Similar,19,163.15
78,Woman Worker,1,224.22
79,Unit Could,10,181.67
80,Provide Fight,8,120.58
81,Religious None,18,317.02
82,Protect Want,2,433.45
83,Total Drop,3,260.34
84,Change Offer,2,353.79
85,Fear Still,14,109.03
86,Up Form,15,7.44
87,Health Modern,8,183.58
88,Edge Drug,15,220.79
89,Member Four,15,317.99
90,Carry My,18,463.35
91,Space Author,11,477.97
92,Everyone Also,9,228.98
93,Help Exist,12,419.91
94,Firm No,15,180.73
95,Song Color,11,320.9
96,See Want,4,484.16
97,Bag Call,2,477.23
98,Born Near,7,367.23
99,Culture Big,6,67.3
100,Mission Many,13,345.4
101,Guess Expert,11,141.6
102,New Recognize,12,291.98
103,Hospital Be,1,22.44
104,Really Rich,7,449.39
105,One Itself,4,306.35
106,First Party,20,133.29
107,Bar Also,6,345.6
108,Themselves Last,10,10.17
109,Vote Mother,7,419.53
110,Move Network,17,203.55
111,Compare Media,15,133.57
112,Professional Defense,16,483.26
113,Song Describe,3,282.53
114,Focus Early,15,152.59
115,Prove Make,10,43.36
116,Real Successful,4,32.13
117,Generation Dinner,17,52.76
118,To Debate,8,105.26
119,South Act,15,384.12
120,Girl Radio,1,304.51
121,Four Eye,20,343.22
122,Myself Guy,14,315.45
123,Their Different,13,194.47
124,Six Series,5,129.47
125,General Respond,4,259.56
126,Audience Rock,8,114.78
127,Their South,11,127.29
128,New Low,3,231.31
129,Water Another,2,303.9
130,Performance Other,15,283.55
131,Of Audience,15,309.69
132,Wind Glass,18,450.02
133,Paper Cup,20,162.89
134,Simple Thing,3,225.34
135,Establish Heavy,16,342.38
136,Itself Green,6,117.9
137,Arm Base,6,232.08
138,Probably Officer,1,264.31
139,Law Near,18,487.38
140,World Garden,16,71.64
141,Since Lot,1,345.3
142,Him Baby,5,93.26
143,Too Teach,19,250.12
144,Teacher Peace,17,16.99
145,In Benefit,7,355.78
146,Democratic Want,1,22.64
147,Direction Big,10,367.81
148,Hot South,3,295.93
149,Around Away,14,344.17
150,What Thing,17,110.25
151,Maybe Community,3,40.03
152,My Security,12,401.68
153,Identify Answer,19,476.91
154,Talk Word,2,228.28
155,Interest Congress,6,146.02
156,Keep Wall,18,159.96
157,Each Program,11,450.37
158,Economy Really,16,54.69
159,West Wind,4,278.1
160,See Item,18,25.16
161,Story What,17,372.98
162,Song Believe,18,195.38
163,Indicate Ball,16,492.37
164,History Involve,2,338.36
165,Travel Mention,13,278.11
166,Suggest Would,13,298.21
167,Central Music,17,76.86
168,Ever Three,7,108.82
169,Wrong Stop,7,442.09
170,Miss Different,14,233.22
171,Foot Arm,9,329.11
172,Join Listen,5,212.91
173,Water Option,20,96.07
174,Tend Music,1,136.09
175,General Those,15,483.49
176,Federal Pattern,10,355.92
177,Former Truth,4,43.67
178,Prevent Home,6,357.4
179,Past Parent,11,463.55
180,Level Catch,15,204.52
181,Soldier It,19,290.32
182,Anyone Rich,16,327.71
183,Design Our,7,484.99
184,See Fund,5,205.93
185,Congress Party,7,103.33
186,Sort Animal,8,290.59
187,Morning Notice,10,456.83
188,Student Sign,1,278.13
189,Material Class,4,419.75
190,Lawyer Head,1,424.43
191,Trial Too,18,66.79
192,Art Understand,15,115.13
193,Down Up,18,260.78
194,Guy Director,8,215.51
195,Air Like,15,65.64
196,Community Bill,9,469.6
197,Go Woman,7,292.22
198,Event Evening,16,177.98
199,Level Mission,18,334.72
200,Available Both,14,385.53
201,Life Bill,4,340.35
202,Professor Effort,4,14.35
203,Establish Yourself,6,388.63
204,Civil Officer,5,404.78
205,Month Interesting,9,47.63
206,Seat Town,10,415.22
207,Skin Fly,17,341.2
208,Water Government,19,328.57
209,Day Picture,18,209.9
210,Total Everyone,13,383.33
211,Almost Thousand,11,231.19
212,Energy Usually,12,164.83
213,Sort Half,18,50.51
214,Increase Because,8,341.9
215,Hold Ago,1,319.62
216,Oil Change,6,17.93
217,Receive Them,14,267.58
218,Top School,7,26.83
219,Could Kid,1,297.5
220,Happen Per,8,250.71
221,Suffer City,20,227.07
222,Stand Which,11,154.3
223,President Them,5,112.6
224,Either Itself,19,317.16
225,Onto Imagine,15,490.77
226,Fast Still,13,437.72
227,West Star,11,456.4
228,Despite Kid,10,147.6
229,Nothing Develop,4,478.71
230,Officer News,19,158.33
231,Travel Strong,5,84.5
232,Feel End,6,495.28
233,Real It,9,188.06
234,Capital Make,18,18.32
235,Ago Tend,7,497.94
236,Play One,1,374.63
237,Wait Five,1,288.17
238,Figure A,17,171.77
239,Truth Move,12,274.02
240,Over Bank,12,239.35
241,Chance Garden,8,413.64
242,Case Base,3,244.55
243,Learn Space,19,366.97
244,Occur Traditional,7,380.18
245,As Figure,9,353.67
246,Plant Small,11,307.59
247,Role Per,19,97.46
248,Marriage Expect,15,325.9
249,Fill Show,6,378.8
250,Your Physical,7,409.73
251,Next Us,11,316.97
252,Travel Avoid,12,24.12
253,Tell Miss,19,292.29
254,Cultural Responsibility,15,232.7
255,Rate Car,20,292.68
256,Tell Behavior,14,197.05
257,Keep Image,12,108.93
258,Daughter Return,11,276.12
259,Along Feel,2,479.77
260,Important Forward,15,282.09
261,Century Herself,7,432.34
262,Appear Spend,8,491.42
263,Onto Require,5,175.85
264,Woman Mission,20,177.38
265,Nice Phone,6,188.4
266,Second With,2,371.78
267,These Include,7,80.88
268,We Lawyer,1,197.51
269,Personal Hotel,13,263.01
270,Hair Card,8,185.64
271,Worry Medical,18,352.09
272,Detail Occur,16,194.42
273,Condition According,16,12.43
274,Stay Go,20,398.72
275,Former Different,9,79.09
276,Indeed Day,14,82.3
277,Oil Stay,10,146.65
278,Large Fill,8,448.51
279,Property Note,7,401.9
280,Response Somebody,18,269.57
281,President Scientist,13,258.78
282,Other Be,8,191.67
283,Two Bar,1,218.21
284,Money Employee,4,355.86
285,Increase Behind,11,71.22
286,During Challenge,18,241.31
287,Would Real,6,403.84
288,Several Bill,18,342.54
289,Fight Assume,10,337.78
290,Likely Concern,13,132.55
291,Imagine Indeed,18,181.18
292,Turn Consumer,1,184.28
293,Sell Else,4,352.97
294,Whether Value,1,455.57
295,Yard Conference,6,328.64
296,Memory Find,2,184.05
297,Until Few,8,291.97
298,Today Unit,14,296.11
299,Feel Meeting,12,140.12
300,Difference Discover,15,296.73
